0 1 3531
0 1 3532
0 1 3533
1 1 3530
1 1 3532
1 1 3537
2 1 3533
2 1 3542
3 1 3533
3 1 3536
4 1 3533
5 1 3529
5 1 3534
5 1 3544
6 1 3533
6 1 3542
7 1 3530
7 1 3532
8 1 3529
9 1 3529
9 1 3530
9 1 3544
10 1 3533
10 1 3536
10 1 3542
11 1 3533
11 1 3539
12 1 3531
12 1 3532
13 1 3536
14 1 3529
14 1 3530
14 1 3542
15 1 3536
15 1 3544
16 1 3536
16 1 3542
17 1 3544
18 1 3533
19 1 3529
20 1 3529
20 1 3533
20 1 3536
21 1 3534
21 1 3536
21 1 3544
22 1 3544
23 1 3536
23 1 3543
24 1 3536
24 1 3542
25 1 3536
26 1 3536
27 1 3542
28 1 3530
28 1 3543
29 1 3536
30 1 3536
31 1 3536
31 1 3543
32 1 3530
32 1 3542
33 1 3532
33 1 3533
33 1 3536
34 1 3536
34 1 3542
35 1 3536
36 1 3535
37 1 3533
38 1 3533
38 1 3542
39 1 3536
40 1 3536
40 1 3545
41 1 3529
41 1 3534
41 1 3536
42 1 3536
43 1 3529
43 1 3530
44 1 3533
44 1 3536
45 1 3536
45 1 3542
46 1 3534
46 1 3544
47 1 3531
47 1 3532
47 1 3540
47 1 3542
48 1 3536
48 1 3542
49 1 3534
49 1 3544
50 1 3533
51 1 3536
52 1 3532
52 1 3533
53 1 3536
54 1 3530
54 1 3532
54 1 3537
55 1 3536
56 1 3536
56 1 3542
57 1 3536
57 1 3541
58 1 3530
58 1 3532
58 1 3537
59 1 3536
59 1 3544
60 1 3536
61 1 3533
62 1 3533
62 1 3542
63 1 3533
64 1 3543
64 1 3544
65 1 3536
66 1 3533
66 1 3542
67 1 3533
68 1 3529
68 1 3533
68 1 3534
68 1 3539
68 1 3544
69 1 3529
70 1 3533
70 1 3536
71 1 3536
71 1 3540
72 1 3536
72 1 3542
73 1 3533
73 1 3536
74 1 3543
74 1 3544
75 1 3535
76 1 3536
77 1 3536
77 1 3544
78 1 3536
79 1 3534
79 1 3536
79 1 3542
80 1 3536
81 1 3536
82 1 3533
82 1 3536
83 1 3536
83 1 3542
84 1 3530
84 1 3536
85 1 3532
85 1 3533
86 1 3533
87 1 3529
87 1 3544
88 1 3536
89 1 3536
89 1 3544
90 1 3533
90 1 3542
91 1 3536
92 1 3529
92 1 3544
93 1 3533
94 1 3536
95 1 3535
96 1 3536
96 1 3544
97 1 3533
98 1 3533
99 1 3544
100 1 3533
101 1 3536
101 1 3542
102 1 3533
102 1 3536
103 1 3530
103 1 3532
103 1 3533
103 1 3540
104 1 3535
105 1 3529
105 1 3536
105 1 3545
106 1 3536
106 1 3544
107 1 3529
107 1 3530
107 1 3534
108 1 3536
108 1 3541
109 1 3536
110 1 3535
111 1 3534
112 1 3533
112 1 3542
113 1 3533
114 1 3536
115 1 3533
115 1 3542
116 1 3536
116 1 3541
116 1 3542
117 1 3536
118 1 3533
119 1 3530
119 1 3532
119 1 3537
120 1 3535
121 1 3533
121 1 3542
122 1 3536
123 1 3536
123 1 3542
124 1 3544
125 1 3535
126 1 3533
127 1 3535
128 1 3535
129 1 3536
130 1 3529
130 1 3536
131 1 3536
131 1 3542
132 1 3533
133 1 3533
134 1 3529
135 1 3530
135 1 3532
136 1 3536
137 1 3536
138 1 3534
138 1 3536
138 1 3544
139 1 3536
140 1 3536
140 1 3542
140 1 3545
141 1 3539
142 1 3529
142 1 3530
142 1 3533
142 1 3534
143 1 3536
144 1 3536
144 1 3545
145 1 3533
146 1 3533
146 1 3545
147 1 3530
147 1 3532
148 1 3536
149 1 3529
149 1 3530
149 1 3541
149 1 3543
150 1 3536
150 1 3544
150 1 3545
151 1 3535
152 1 3529
152 1 3542
152 1 3544
153 1 3534
153 1 3538
153 1 3541
153 1 3544
154 1 3529
154 1 3544
155 1 3533
155 1 3536
156 1 3536
157 1 3529
157 1 3530
157 1 3536
157 1 3542
158 1 3530
158 1 3532
158 1 3536
159 1 3529
159 1 3534
159 1 3544
160 1 3533
161 1 3529
161 1 3543
161 1 3544
162 1 3529
162 1 3530
162 1 3543
163 1 3533
164 1 3536
165 1 3533
166 1 3539
167 1 3533
168 1 3536
168 1 3542
169 1 3533
170 1 3529
170 1 3532
171 1 3536
171 1 3542
172 1 3544
173 1 3536
174 1 3543
174 1 3544
175 1 3533
176 1 3533
177 1 3539
178 1 3533
179 1 3544
180 1 3536
181 1 3535
182 1 3536
183 1 3536
184 1 3533
184 1 3536
184 1 3542
185 1 3539
185 1 3543
186 1 3536
187 1 3529
187 1 3534
187 1 3543
188 1 3536
188 1 3540
189 1 3544
190 1 3536
191 1 3536
191 1 3542
192 1 3533
193 1 3529
194 1 3533
194 1 3536
195 1 3535
196 1 3536
196 1 3542
197 1 3529
197 1 3530
198 1 3536
199 1 3546
200 1 3536
201 1 3533
202 1 3536
203 1 3536
204 1 3536
204 1 3542
205 1 3533
206 1 3536
206 1 3544
207 1 3533
207 1 3536
208 1 3536
209 1 3539
210 1 3536
210 1 3542
211 1 3533
212 1 3533
212 1 3536
212 1 3542
213 1 3536
213 1 3544
214 1 3529
215 1 3533
216 1 3536
216 1 3544
217 1 3536
217 1 3544
218 1 3533
219 1 3533
219 1 3536
220 1 3536
221 1 3533
222 1 3533
222 1 3536
223 1 3533
223 1 3542
224 1 3533
224 1 3542
225 1 3530
225 1 3532
226 1 3531
226 1 3532
226 1 3533
226 1 3542
227 1 3544
228 1 3532
228 1 3536
229 1 3536
229 1 3540
230 1 3534
230 1 3536
231 1 3535
232 1 3536
232 1 3537
232 1 3542
232 1 3544
233 1 3533
234 1 3536
234 1 3542
235 1 3532
235 1 3533
236 1 3529
237 1 3533
237 1 3542
238 1 3536
238 1 3539
239 1 3536
240 1 3533
241 1 3533
241 1 3543
242 1 3541
242 1 3544
243 1 3530
243 1 3532
243 1 3533
243 1 3537
243 1 3542
244 1 3534
244 1 3536
244 1 3544
245 1 3529
245 1 3530
245 1 3537
245 1 3543
246 1 3536
247 1 3532
247 1 3536
248 1 3536
249 1 3536
250 1 3536
250 1 3542
251 1 3536
251 1 3542
251 1 3545
251 1 3546
252 1 3533
253 1 3536
254 1 3536
255 1 3536
255 1 3542
256 1 3536
257 1 3536
258 1 3536
258 1 3539
259 1 3533
260 1 3533
261 1 3533
261 1 3542
262 1 3536
263 1 3533
264 1 3536
265 1 3536
265 1 3544
266 1 3536
267 1 3536
268 1 3534
268 1 3536
269 1 3533
269 1 3542
270 1 3529
270 1 3544
271 1 3533
271 1 3542
272 1 3534
272 1 3536
273 1 3544
274 1 3529
274 1 3536
274 1 3544
275 1 3534
275 1 3536
275 1 3542
275 1 3544
276 1 3533
276 1 3542
277 1 3533
277 1 3542
278 1 3534
278 1 3536
279 1 3536
280 1 3533
281 1 3536
282 1 3536
283 1 3536
283 1 3542
284 1 3536
284 1 3542
285 1 3529
285 1 3530
285 1 3546
286 1 3533
286 1 3536
287 1 3533
288 1 3536
289 1 3536
290 1 3536
291 1 3536
292 1 3533
293 1 3533
294 1 3531
294 1 3532
295 1 3536
296 1 3529
297 1 3529
297 1 3530
297 1 3543
298 1 3532
298 1 3533
298 1 3537
299 1 3536
300 1 3544
301 1 3538
301 1 3544
302 1 3536
303 1 3533
303 1 3536
304 1 3533
305 1 3533
306 1 3536
307 1 3529
307 1 3533
307 1 3540
307 1 3543
308 1 3539
309 1 3529
309 1 3530
309 1 3543
310 1 3533
310 1 3539
311 1 3536
312 1 3539
312 1 3543
313 1 3533
314 1 3536
315 1 3541
315 1 3544
316 1 3536
316 1 3545
317 1 3536
318 1 3543
318 1 3544
319 1 3533
319 1 3542
320 1 3530
320 1 3536
321 1 3536
322 1 3533
322 1 3542
323 1 3532
324 1 3533
325 1 3533
325 1 3536
326 1 3536
326 1 3540
327 1 3536
328 1 3533
329 1 3529
329 1 3530
329 1 3544
330 1 3536
330 1 3541
330 1 3544
331 1 3533
331 1 3536
331 1 3542
332 1 3533
333 1 3529
333 1 3542
333 1 3544
334 1 3536
335 1 3532
335 1 3533
336 1 3533
336 1 3542
336 1 3545
337 1 3533
337 1 3542
338 1 3536
339 1 3533
339 1 3536
339 1 3542
340 1 3529
340 1 3533
341 1 3536
341 1 3542
342 1 3530
342 1 3532
342 1 3542
343 1 3535
344 1 3531
344 1 3532
344 1 3540
345 1 3536
346 1 3539
347 1 3533
347 1 3534
347 1 3537
348 1 3529
348 1 3533
348 1 3546
349 1 3536
350 1 3533
351 1 3533
351 1 3536
352 1 3533
352 1 3536
353 1 3544
354 1 3532
354 1 3533
355 1 3536
356 1 3529
356 1 3544
357 1 3529
357 1 3542
357 1 3544
358 1 3533
358 1 3542
359 1 3529
359 1 3543
360 1 3529
360 1 3530
360 1 3533
360 1 3542
361 1 3536
362 1 3536
362 1 3539
363 1 3546
364 1 3529
365 1 3536
366 1 3536
367 1 3529
367 1 3533
368 1 3536
369 1 3536
369 1 3542
369 1 3545
370 1 3529
370 1 3533
370 1 3536
371 1 3534
371 1 3536
372 1 3530
372 1 3532
373 1 3529
374 1 3529
375 1 3536
376 1 3539
377 1 3535
378 1 3529
378 1 3544
379 1 3535
380 1 3529
380 1 3543
381 1 3536
382 1 3539
382 1 3544
383 1 3536
384 1 3536
385 1 3533
386 1 3533
387 1 3536
388 1 3533
389 1 3533
390 1 3533
390 1 3544
391 1 3546
392 1 3533
392 1 3542
393 1 3536
394 1 3533
395 1 3529
395 1 3533
396 1 3530
396 1 3532
397 1 3544
398 1 3529
398 1 3544
399 1 3536
400 1 3536
400 1 3542
401 1 3539
401 1 3543
401 1 3544
402 1 3541
402 1 3542
402 1 3544
403 1 3536
404 1 3533
405 1 3536
406 1 3534
406 1 3536
407 1 3533
407 1 3546
408 1 3533
409 1 3529
409 1 3530
409 1 3534
410 1 3533
410 1 3543
411 1 3536
411 1 3544
412 1 3533
413 1 3529
413 1 3533
414 1 3536
415 1 3533
415 1 3542
416 1 3533
417 1 3529
417 1 3543
418 1 3535
419 1 3533
419 1 3542
420 1 3533
421 1 3536
421 1 3542
422 1 3533
422 1 3542
423 1 3536
424 1 3533
425 1 3533
425 1 3536
426 1 3536
426 1 3541
426 1 3542
427 1 3536
428 1 3533
429 1 3536
429 1 3544
430 1 3530
430 1 3532
430 1 3536
431 1 3536
432 1 3529
432 1 3544
433 1 3536
433 1 3546
434 1 3529
435 1 3533
436 1 3536
436 1 3542
437 1 3529
437 1 3530
438 1 3534
438 1 3536
438 1 3544
439 1 3529
439 1 3530
439 1 3534
439 1 3544
440 1 3529
440 1 3536
440 1 3545
441 1 3529
441 1 3533
441 1 3545
442 1 3533
443 1 3533
443 1 3542
444 1 3536
444 1 3542
445 1 3533
446 1 3533
446 1 3542
447 1 3533
447 1 3536
448 1 3533
448 1 3545
449 1 3529
449 1 3544
450 1 3536
451 1 3533
451 1 3536
452 1 3536
453 1 3533
454 1 3529
455 1 3529
455 1 3530
455 1 3543
456 1 3536
456 1 3544
457 1 3544
458 1 3536
459 1 3530
459 1 3532
460 1 3529
460 1 3533
461 1 3533
462 1 3533
462 1 3546
463 1 3536
464 1 3533
465 1 3544
466 1 3536
467 1 3533
467 1 3541
468 1 3529
468 1 3534
468 1 3536
469 1 3529
469 1 3544
470 1 3536
471 1 3533
471 1 3536
471 1 3542
472 1 3533
472 1 3542
473 1 3536
473 1 3542
474 1 3533
474 1 3542
475 1 3533
476 1 3536
477 1 3529
477 1 3532
478 1 3536
479 1 3529
479 1 3543
480 1 3533
481 1 3536
482 1 3529
482 1 3536
483 1 3536
484 1 3536
484 1 3542
485 1 3536
486 1 3529
486 1 3536
487 1 3539
487 1 3543
488 1 3533
488 1 3541
488 1 3542
489 1 3533
490 1 3536
491 1 3533
491 1 3536
491 1 3545
492 1 3529
492 1 3536
492 1 3541
493 1 3533
494 1 3543
494 1 3544
495 1 3533
496 1 3534
496 1 3544
497 1 3529
497 1 3536
498 1 3536
499 1 3536
500 1 3536
501 1 3536
502 1 3536
502 1 3545
503 1 3536
504 1 3536
505 1 3536
506 1 3532
506 1 3536
507 1 3533
507 1 3534
507 1 3539
508 1 3529
509 1 3536
509 1 3542
510 1 3536
511 1 3536
512 1 3533
512 1 3536
513 1 3536
514 1 3533
514 1 3542
515 1 3544
516 1 3538
516 1 3543
517 1 3533
518 1 3533
518 1 3542
518 1 3544
519 1 3529
520 1 3529
520 1 3530
520 1 3532
520 1 3543
521 1 3529
521 1 3530
521 1 3544
522 1 3529
523 1 3535
524 1 3533
524 1 3542
525 1 3532
525 1 3533
525 1 3540
526 1 3529
526 1 3530
526 1 3533
527 1 3546
528 1 3544
529 1 3529
529 1 3534
529 1 3542
530 1 3535
531 1 3536
532 1 3529
532 1 3530
532 1 3531
532 1 3532
532 1 3537
533 1 3533
534 1 3536
535 1 3544
536 1 3533
536 1 3536
537 1 3536
538 1 3533
539 1 3539
540 1 3533
540 1 3542
541 1 3536
542 1 3533
542 1 3536
543 1 3532
543 1 3533
544 1 3533
544 1 3536
545 1 3536
546 1 3536
547 1 3536
548 1 3533
548 1 3536
549 1 3532
549 1 3533
550 1 3530
550 1 3532
551 1 3536
551 1 3541
552 1 3536
553 1 3535
554 1 3533
554 1 3536
555 1 3536
556 1 3533
557 1 3532
557 1 3533
558 1 3533
558 1 3542
558 1 3544
559 1 3531
559 1 3532
559 1 3533
559 1 3540
560 1 3529
560 1 3543
560 1 3544
561 1 3530
561 1 3536
561 1 3546
562 1 3529
562 1 3530
562 1 3534
562 1 3536
563 1 3536
563 1 3544
564 1 3531
564 1 3532
564 1 3540
565 1 3531
565 1 3532
565 1 3540
566 1 3531
566 1 3532
567 1 3533
567 1 3542
568 1 3533
569 1 3546
570 1 3544
571 1 3535
572 1 3533
573 1 3536
573 1 3542
574 1 3539
575 1 3534
575 1 3536
575 1 3544
576 1 3530
576 1 3532
577 1 3529
577 1 3530
577 1 3531
577 1 3539
577 1 3543
578 1 3529
578 1 3539
578 1 3543
579 1 3533
580 1 3536
580 1 3542
581 1 3536
581 1 3544
582 1 3536
583 1 3531
583 1 3532
584 1 3536
585 1 3533
585 1 3542
586 1 3533
587 1 3536
588 1 3542
589 1 3529
589 1 3536
589 1 3544
590 1 3533
591 1 3536
591 1 3544
592 1 3536
592 1 3544
593 1 3536
593 1 3542
594 1 3531
594 1 3532
594 1 3540
595 1 3545
596 1 3533
597 1 3533
597 1 3536
598 1 3533
599 1 3542
600 1 3533
601 1 3536
601 1 3544
602 1 3536
603 1 3536
603 1 3545
604 1 3529
604 1 3530
604 1 3541
605 1 3533
605 1 3536
606 1 3536
607 1 3541
608 1 3529
608 1 3530
608 1 3537
609 1 3533
610 1 3534
610 1 3544
611 1 3531
611 1 3532
611 1 3540
612 1 3544
613 1 3533
614 1 3533
615 1 3545
616 1 3536
617 1 3529
618 1 3536
619 1 3536
620 1 3536
621 1 3533
621 1 3543
622 1 3530
622 1 3531
622 1 3532
622 1 3533
622 1 3537
623 1 3530
623 1 3543
624 1 3536
624 1 3544
625 1 3536
626 1 3543
627 1 3534
628 1 3535
628 1 3536
629 1 3536
630 1 3536
630 1 3542
631 1 3529
631 1 3530
631 1 3533
631 1 3545
632 1 3533
632 1 3542
633 1 3529
633 1 3543
633 1 3544
634 1 3529
635 1 3541
635 1 3544
636 1 3544
637 1 3536
637 1 3542
638 1 3533
639 1 3536
640 1 3536
641 1 3529
641 1 3530
642 1 3533
643 1 3536
644 1 3534
644 1 3538
644 1 3544
645 1 3533
645 1 3542
646 1 3531
646 1 3532
647 1 3533
648 1 3530
648 1 3532
649 1 3536
650 1 3546
651 1 3536
652 1 3534
653 1 3533
654 1 3533
654 1 3543
655 1 3533
656 1 3531
657 1 3535
658 1 3536
658 1 3539
659 1 3533
660 1 3536
661 1 3533
662 1 3536
663 1 3541
663 1 3544
664 1 3534
665 1 3529
665 1 3530
665 1 3544
666 1 3533
667 1 3533
667 1 3539
668 1 3529
668 1 3530
668 1 3542
668 1 3544
669 1 3529
669 1 3543
670 1 3531
670 1 3543
671 1 3539
671 1 3544
672 1 3533
673 1 3531
673 1 3533
673 1 3544
674 1 3538
675 1 3533
676 1 3529
676 1 3543
676 1 3544
677 1 3536
678 1 3543
678 1 3545
679 1 3533
680 1 3533
680 1 3536
681 1 3530
681 1 3532
682 1 3532
682 1 3536
683 1 3535
684 1 3536
685 1 3536
686 1 3535
687 1 3545
688 1 3530
689 1 3533
689 1 3534
690 1 3536
690 1 3542
691 1 3533
691 1 3536
692 1 3536
693 1 3536
694 1 3535
695 1 3533
695 1 3536
696 1 3536
697 1 3539
698 1 3533
698 1 3536
699 1 3536
700 1 3536
700 1 3542
701 1 3529
701 1 3543
701 1 3545
702 1 3536
703 1 3544
704 1 3531
704 1 3532
704 1 3540
705 1 3533
706 1 3533
707 1 3529
707 1 3544
708 1 3535
709 1 3533
709 1 3537
709 1 3542
709 1 3543
710 1 3536
711 1 3535
712 1 3537
713 1 3536
714 1 3536
715 1 3529
715 1 3530
715 1 3544
716 1 3533
716 1 3539
717 1 3536
717 1 3541
718 1 3532
718 1 3533
719 1 3536
719 1 3542
720 1 3542
721 1 3533
721 1 3542
722 1 3536
723 1 3536
724 1 3533
724 1 3542
725 1 3530
725 1 3532
726 1 3529
726 1 3530
727 1 3532
727 1 3533
727 1 3537
728 1 3533
729 1 3533
730 1 3529
730 1 3541
730 1 3544
731 1 3533
732 1 3536
733 1 3536
734 1 3536
735 1 3530
735 1 3532
736 1 3533
736 1 3540
737 1 3533
738 1 3536
739 1 3536
739 1 3544
740 1 3533
741 1 3536
742 1 3529
742 1 3530
742 1 3544
743 1 3532
743 1 3533
744 1 3533
744 1 3536
744 1 3542
745 1 3529
745 1 3544
746 1 3533
747 1 3539
748 1 3539
749 1 3536
750 1 3536
751 1 3536
752 1 3529
752 1 3530
752 1 3543
752 1 3544
753 1 3534
753 1 3536
754 1 3536
755 1 3533
755 1 3542
756 1 3536
757 1 3536
758 1 3529
758 1 3534
758 1 3536
759 1 3533
760 1 3529
760 1 3544
761 1 3536
762 1 3533
763 1 3533
763 1 3536
764 1 3534
764 1 3536
764 1 3542
764 1 3544
765 1 3533
765 1 3534
766 1 3534
767 1 3533
768 1 3534
768 1 3536
769 1 3536
770 1 3529
771 1 3536
772 1 3536
773 1 3539
774 1 3543
774 1 3544
775 1 3532
775 1 3533
776 1 3536
776 1 3544
777 1 3532
777 1 3536
777 1 3537
778 1 3529
779 1 3536
780 1 3531
780 1 3532
781 1 3539
781 1 3544
782 1 3533
782 1 3536
782 1 3542
783 1 3536
784 1 3536
785 1 3530
785 1 3545
786 1 3533
786 1 3542
787 1 3540
787 1 3542
788 1 3540
788 1 3542
789 1 3533
789 1 3540
790 1 3536
790 1 3542
791 1 3541
791 1 3544
792 1 3541
792 1 3544
793 1 3533
794 1 3541
794 1 3544
795 1 3533
795 1 3540
795 1 3542
796 1 3536
796 1 3544
797 1 3533
797 1 3536
798 1 3533
798 1 3534
799 1 3533
799 1 3541
799 1 3542
799 1 3544
800 1 3536
800 1 3542
800 1 3545
801 1 3538
801 1 3541
802 1 3540
802 1 3542
803 1 3533
803 1 3542
804 1 3533
804 1 3542
805 1 3532
805 1 3536
806 1 3540
807 1 3530
807 1 3532
807 1 3536
807 1 3540
808 1 3536
808 1 3542
808 1 3545
809 1 3533
810 1 3538
811 1 3536
812 1 3536
812 1 3541
812 1 3543
812 1 3544
813 1 3530
813 1 3542
814 1 3536
815 1 3533
816 1 3542
816 1 3544
817 1 3544
818 1 3538
818 1 3542
818 1 3544
819 1 3541
819 1 3542
819 1 3544
820 1 3542
821 1 3533
821 1 3542
821 1 3544
822 1 3533
823 1 3533
823 1 3540
824 1 3533
824 1 3542
825 1 3533
825 1 3542
826 1 3540
827 1 3533
827 1 3536
828 1 3529
828 1 3530
829 1 3530
830 1 3534
830 1 3538
830 1 3541
831 1 3536
831 1 3542
832 1 3536
833 1 3533
833 1 3540
833 1 3542
834 1 3533
834 1 3536
834 1 3545
835 1 3533
836 1 3536
837 1 3536
838 1 3541
839 1 3533
840 1 3530
840 1 3533
841 1 3536
842 1 3536
843 1 3533
844 1 3536
844 1 3542
845 1 3536
846 1 3533
846 1 3541
847 1 3536
848 1 3534
848 1 3536
849 1 3536
850 1 3534
850 1 3536
851 1 3540
852 1 3546
853 1 3544
854 1 3536
855 1 3546
856 1 3539
856 1 3543
857 1 3529
857 1 3530
857 1 3542
857 1 3545
858 1 3533
858 1 3536
859 1 3536
860 1 3536
861 1 3536
862 1 3536
862 1 3542
863 1 3542
863 1 3545
864 1 3536
865 1 3529
866 1 3536
867 1 3536
868 1 3533
868 1 3536
869 1 3535
870 1 3530
870 1 3532
871 1 3536
871 1 3542
872 1 3533
872 1 3536
873 1 3536
874 1 3529
874 1 3530
874 1 3544
875 1 3536
875 1 3545
876 1 3544
877 1 3536
878 1 3536
879 1 3529
879 1 3536
879 1 3546
880 1 3536
880 1 3544
881 1 3529
881 1 3534
882 1 3534
883 1 3534
884 1 3533
885 1 3536
885 1 3544
886 1 3529
886 1 3544
887 1 3532
887 1 3533
888 1 3536
889 1 3532
889 1 3533
889 1 3546
890 1 3546
891 1 3530
891 1 3532
891 1 3537
892 1 3532
892 1 3533
893 1 3530
893 1 3532
893 1 3533
894 1 3532
894 1 3536
895 1 3532
895 1 3536
896 1 3532
896 1 3533
896 1 3536
897 1 3530
897 1 3532
898 1 3532
898 1 3533
899 1 3530
899 1 3532
900 1 3532
900 1 3533
900 1 3541
901 1 3530
901 1 3532
901 1 3537
901 1 3543
902 1 3533
903 1 3532
903 1 3533
904 1 3531
904 1 3532
904 1 3540
905 1 3531
905 1 3532
906 1 3531
906 1 3532
906 1 3540
907 1 3531
907 1 3532
908 1 3532
908 1 3536
909 1 3536
910 1 3532
910 1 3533
910 1 3540
911 1 3531
911 1 3532
911 1 3540
912 1 3530
912 1 3531
912 1 3532
912 1 3540
913 1 3530
913 1 3532
913 1 3540
914 1 3531
914 1 3532
914 1 3540
915 1 3531
915 1 3532
916 1 3534
917 1 3540
918 1 3529
918 1 3544
919 1 3529
919 1 3543
919 1 3544
920 1 3536
921 1 3535
922 1 3536
923 1 3536
924 1 3533
925 1 3536
925 1 3542
926 1 3536
927 1 3536
927 1 3542
928 1 3529
928 1 3544
929 1 3529
929 1 3530
930 1 3535
930 1 3536
931 1 3536
932 1 3534
932 1 3536
933 1 3536
934 1 3544
935 1 3536
936 1 3533
936 1 3540
936 1 3542
937 1 3536
938 1 3536
938 1 3542
939 1 3533
939 1 3536
940 1 3534
940 1 3536
941 1 3536
942 1 3531
942 1 3532
942 1 3533
943 1 3533
943 1 3540
943 1 3542
944 1 3533
944 1 3540
944 1 3542
945 1 3534
945 1 3538
946 1 3538
946 1 3544
947 1 3542
947 1 3545
948 1 3530
948 1 3532
948 1 3533
948 1 3537
949 1 3544
950 1 3533
950 1 3543
951 1 3533
951 1 3545
952 1 3533
953 1 3533
954 1 3533
954 1 3540
955 1 3536
956 1 3533
956 1 3540
957 1 3534
957 1 3536
958 1 3530
958 1 3536
959 1 3541
959 1 3544
960 1 3540
961 1 3540
961 1 3542
962 1 3534
962 1 3544
963 1 3536
963 1 3545
964 1 3533
965 1 3541
965 1 3544
966 1 3536
966 1 3540
967 1 3536
967 1 3542
967 1 3545
968 1 3536
969 1 3536
970 1 3532
970 1 3536
970 1 3537
970 1 3543
971 1 3536
972 1 3529
972 1 3542
973 1 3529
973 1 3542
974 1 3529
975 1 3536
976 1 3536
977 1 3539
978 1 3535
979 1 3529
979 1 3536
980 1 3533
981 1 3536
982 1 3536
983 1 3536
984 1 3536
985 1 3536
986 1 3536
987 1 3535
988 1 3536
989 1 3533
990 1 3533
990 1 3537
991 1 3529
991 1 3530
991 1 3543
991 1 3544
992 1 3539
993 1 3529
993 1 3530
993 1 3543
993 1 3544
994 1 3539
995 1 3536
996 1 3536
997 1 3533
998 1 3533
999 1 3535
1000 1 3536
1001 1 3535
1002 1 3535
1003 1 3531
1003 1 3533
1004 1 3535
1004 1 3536
1005 1 3536
1006 1 3531
1006 1 3533
1006 1 3544
1007 1 3534
1007 1 3538
1007 1 3544
1008 1 3538
1009 1 3538
1010 1 3533
1011 1 3536
1012 1 3533
1013 1 3536
1014 1 3536
1015 1 3533
1016 1 3539
1017 1 3535
1018 1 3533
1019 1 3533
1019 1 3536
1019 1 3542
1020 1 3536
1021 1 3533
1022 1 3533
1022 1 3543
1023 1 3536
1024 1 3536
1025 1 3536
1025 1 3545
1026 1 3534
1026 1 3536
1026 1 3538
1027 1 3533
1028 1 3529
1029 1 3536
1029 1 3542
1029 1 3545
1030 1 3533
1030 1 3545
1031 1 3536
1032 1 3536
1033 1 3536
1034 1 3533
1034 1 3542
1035 1 3535
1036 1 3536
1037 1 3535
1038 1 3535
1039 1 3536
1040 1 3533
1041 1 3529
1041 1 3530
1041 1 3536
1041 1 3543
1041 1 3545
1042 1 3529
1042 1 3530
1042 1 3533
1042 1 3542
1043 1 3529
1043 1 3530
1044 1 3543
1045 1 3529
1045 1 3543
1045 1 3544
1045 1 3545
1046 1 3529
1046 1 3546
1047 1 3533
1048 1 3536
1049 1 3530
1049 1 3545
1050 1 3529
1050 1 3531
1050 1 3532
1050 1 3543
1050 1 3544
1050 1 3545
1051 1 3543
1052 1 3536
1053 1 3536
1053 1 3545
1054 1 3546
1055 1 3529
1055 1 3530
1055 1 3542
1055 1 3543
1055 1 3545
1056 1 3533
1056 1 3536
1056 1 3542
1057 1 3541
1057 1 3544
1058 1 3534
1058 1 3536
1059 1 3529
1059 1 3539
1059 1 3543
1059 1 3544
1060 1 3529
1060 1 3530
1060 1 3533
1060 1 3539
1060 1 3543
1061 1 3530
1061 1 3542
1062 1 3536
1062 1 3545
1063 1 3529
1063 1 3544
1064 1 3539
1064 1 3544
1065 1 3529
1065 1 3533
1065 1 3540
1066 1 3529
1066 1 3534
1066 1 3536
1067 1 3529
1067 1 3536
1067 1 3545
1068 1 3531
1068 1 3533
1069 1 3536
1069 1 3545
1070 1 3536
1071 1 3533
1071 1 3542
1072 1 3534
1072 1 3536
1072 1 3544
1073 1 3536
1074 1 3533
1074 1 3542
1075 1 3536
1076 1 3541
1076 1 3543
1077 1 3529
1077 1 3536
1077 1 3545
1078 1 3533
1078 1 3534
1079 1 3533
1080 1 3533
1080 1 3536
1081 1 3536
1082 1 3533
1083 1 3529
1083 1 3543
1083 1 3544
1084 1 3533
1084 1 3539
1085 1 3529
1085 1 3536
1085 1 3545
1086 1 3533
1086 1 3536
1087 1 3533
1087 1 3536
1087 1 3542
1088 1 3536
1089 1 3536
1090 1 3536
1090 1 3542
1091 1 3534
1091 1 3538
1091 1 3544
1092 1 3544
1093 1 3536
1093 1 3545
1094 1 3536
1095 1 3538
1095 1 3541
1095 1 3544
1096 1 3536
1096 1 3543
1097 1 3530
1098 1 3533
1098 1 3539
1099 1 3533
1099 1 3545
1100 1 3533
1101 1 3539
1102 1 3530
1102 1 3533
1102 1 3536
1103 1 3534
1103 1 3538
1103 1 3544
1104 1 3529
1104 1 3530
1104 1 3533
1104 1 3539
1105 1 3530
1105 1 3545
1106 1 3536
1106 1 3545
1107 1 3529
1107 1 3536
1107 1 3541
1107 1 3542
1107 1 3544
1108 1 3533
1108 1 3542
1109 1 3546
1110 1 3538
1110 1 3544
1111 1 3536
1112 1 3533
1112 1 3541
1112 1 3544
1113 1 3533
1113 1 3543
1114 1 3536
1115 1 3536
1115 1 3545
1116 1 3533
1116 1 3536
1117 1 3530
1117 1 3531
1117 1 3543
1117 1 3544
1118 1 3529
1118 1 3530
1119 1 3533
1119 1 3536
1120 1 3529
1120 1 3536
1120 1 3542
1121 1 3533
1121 1 3539
1122 1 3533
1122 1 3536
1123 1 3536
1124 1 3533
1125 1 3531
1125 1 3532
1125 1 3540
1126 1 3546
1127 1 3538
1127 1 3541
1128 1 3533
1129 1 3536
1129 1 3542
1130 1 3529
1130 1 3530
1130 1 3536
1131 1 3533
1131 1 3536
1131 1 3540
1132 1 3535
1132 1 3545
1133 1 3536
1133 1 3542
1134 1 3529
1134 1 3530
1135 1 3533
1136 1 3536
1137 1 3533
1137 1 3545
1138 1 3536
1139 1 3536
1139 1 3542
1140 1 3533
1141 1 3536
1141 1 3540
1141 1 3545
1142 1 3536
1142 1 3545
1143 1 3536
1144 1 3543
1145 1 3536
1146 1 3530
1147 1 3529
1147 1 3533
1147 1 3546
1148 1 3536
1149 1 3536
1149 1 3543
1150 1 3533
1150 1 3542
1151 1 3535
1152 1 3536
1153 1 3534
1154 1 3536
1155 1 3533
1156 1 3529
1156 1 3539
1156 1 3543
1156 1 3544
1157 1 3539
1158 1 3539
1159 1 3539
1160 1 3539
1161 1 3539
1162 1 3539
1163 1 3539
1164 1 3533
1164 1 3539
1165 1 3539
1166 1 3539
1166 1 3544
1167 1 3539
1168 1 3539
1168 1 3543
1169 1 3529
1169 1 3539
1170 1 3539
1171 1 3539
1172 1 3539
1172 1 3542
1173 1 3539
1174 1 3539
1175 1 3539
1176 1 3544
1177 1 3538
1177 1 3544
1178 1 3539
1179 1 3539
1180 1 3539
1181 1 3539
1182 1 3539
1183 1 3539
1184 1 3536
1185 1 3534
1185 1 3544
1186 1 3533
1186 1 3542
1187 1 3536
1188 1 3539
1188 1 3544
1189 1 3529
1189 1 3530
1189 1 3543
1190 1 3536
1190 1 3542
1191 1 3536
1191 1 3544
1192 1 3530
1192 1 3532
1192 1 3533
1193 1 3536
1194 1 3535
1195 1 3536
1196 1 3536
1197 1 3529
1198 1 3536
1199 1 3536
1200 1 3532
1200 1 3533
1201 1 3536
1201 1 3544
1202 1 3529
1202 1 3544
1203 1 3529
1203 1 3530
1203 1 3543
1204 1 3529
1204 1 3530
1204 1 3543
1205 1 3529
1205 1 3530
1205 1 3543
1206 1 3529
1206 1 3530
1206 1 3543
1207 1 3529
1207 1 3530
1207 1 3543
1208 1 3529
1208 1 3530
1208 1 3543
1209 1 3529
1209 1 3530
1209 1 3533
1209 1 3534
1210 1 3529
1210 1 3533
1210 1 3546
1211 1 3529
1211 1 3533
1211 1 3546
1212 1 3533
1212 1 3540
1212 1 3542
1213 1 3533
1213 1 3540
1213 1 3542
1214 1 3529
1214 1 3536
1215 1 3536
1216 1 3529
1217 1 3529
1217 1 3539
1218 1 3529
1218 1 3539
1219 1 3529
1219 1 3539
1220 1 3533
1221 1 3529
1221 1 3533
1221 1 3543
1221 1 3545
1222 1 3533
1222 1 3536
1223 1 3536
1223 1 3542
1224 1 3533
1225 1 3533
1225 1 3536
1226 1 3534
1226 1 3536
1226 1 3543
1227 1 3536
1228 1 3542
1228 1 3545
1229 1 3536
1230 1 3536
1231 1 3534
1231 1 3536
1232 1 3531
1232 1 3533
1233 1 3536
1234 1 3539
1234 1 3544
1235 1 3529
1235 1 3542
1235 1 3545
1236 1 3533
1236 1 3542
1237 1 3533
1237 1 3536
1238 1 3536
1239 1 3536
1240 1 3536
1241 1 3533
1242 1 3534
1242 1 3536
1242 1 3542
1243 1 3536
1243 1 3540
1244 1 3536
1245 1 3536
1246 1 3535
1247 1 3535
1248 1 3541
1248 1 3544
1249 1 3536
1250 1 3533
1251 1 3532
1252 1 3544
1253 1 3536
1254 1 3529
1255 1 3529
1255 1 3533
1256 1 3529
1257 1 3533
1257 1 3539
1258 1 3529
1259 1 3533
1260 1 3536
1261 1 3529
1261 1 3544
1262 1 3533
1263 1 3533
1264 1 3533
1264 1 3542
1265 1 3536
1266 1 3533
1267 1 3533
1267 1 3545
1268 1 3533
1269 1 3534
1270 1 3533
1271 1 3545
1272 1 3533
1272 1 3542
1273 1 3533
1274 1 3533
1274 1 3542
1275 1 3533
1276 1 3533
1276 1 3542
1277 1 3542
1278 1 3541
1278 1 3544
1279 1 3532
1279 1 3533
1279 1 3541
1280 1 3533
1281 1 3533
1281 1 3542
1282 1 3541
1283 1 3536
1284 1 3534
1284 1 3536
1285 1 3533
1285 1 3542
1286 1 3535
1287 1 3536
1288 1 3534
1288 1 3544
1289 1 3529
1289 1 3533
1289 1 3534
1289 1 3536
1290 1 3532
1290 1 3533
1291 1 3542
1292 1 3533
1292 1 3536
1293 1 3542
1294 1 3529
1294 1 3542
1294 1 3544
1295 1 3529
1295 1 3536
1295 1 3544
1296 1 3533
1296 1 3536
1297 1 3536
1297 1 3544
1298 1 3541
1299 1 3533
1300 1 3536
1301 1 3536
1301 1 3540
1302 1 3529
1302 1 3536
1302 1 3544
1302 1 3545
1303 1 3531
1303 1 3532
1303 1 3540
1304 1 3533
1305 1 3542
1306 1 3533
1307 1 3529
1307 1 3530
1307 1 3532
1308 1 3536
1308 1 3542
1309 1 3529
1310 1 3536
1310 1 3542
1311 1 3529
1311 1 3530
1311 1 3544
1312 1 3533
1312 1 3534
1313 1 3534
1314 1 3542
1315 1 3533
1316 1 3536
1317 1 3536
1317 1 3545
1318 1 3536
1319 1 3536
1320 1 3533
1321 1 3533
1322 1 3542
1323 1 3536
1323 1 3544
1324 1 3533
1325 1 3533
1326 1 3529
1326 1 3544
1327 1 3536
1328 1 3542
1329 1 3536
1330 1 3529
1330 1 3534
1330 1 3542
1331 1 3529
1331 1 3530
1331 1 3532
1331 1 3537
1332 1 3533
1333 1 3529
1333 1 3543
1334 1 3536
1335 1 3536
1336 1 3536
1337 1 3536
1338 1 3536
1338 1 3542
1339 1 3533
1340 1 3533
1340 1 3534
1341 1 3533
1341 1 3542
1342 1 3533
1342 1 3536
1342 1 3542
1343 1 3536
1344 1 3529
1344 1 3530
1344 1 3543
1344 1 3544
1345 1 3536
1346 1 3533
1347 1 3532
1347 1 3536
1348 1 3536
1348 1 3542
1349 1 3533
1349 1 3542
1350 1 3530
1350 1 3532
1350 1 3536
1351 1 3529
1351 1 3530
1351 1 3544
1352 1 3533
1353 1 3536
1353 1 3542
1354 1 3536
1355 1 3529
1355 1 3542
1355 1 3544
1356 1 3533
1357 1 3529
1357 1 3530
1357 1 3534
1358 1 3536
1359 1 3533
1359 1 3542
1360 1 3533
1360 1 3544
1361 1 3530
1361 1 3531
1361 1 3532
1361 1 3533
1361 1 3540
1362 1 3536
1363 1 3533
1363 1 3542
1364 1 3543
1365 1 3533
1365 1 3542
1366 1 3536
1367 1 3529
1367 1 3543
1367 1 3544
1368 1 3542
1369 1 3536
1370 1 3529
1370 1 3530
1370 1 3533
1370 1 3543
1371 1 3533
1372 1 3530
1372 1 3532
1373 1 3532
1373 1 3537
1374 1 3536
1374 1 3543
1375 1 3533
1376 1 3529
1376 1 3536
1376 1 3545
1377 1 3529
1377 1 3530
1378 1 3532
1378 1 3533
1379 1 3534
1379 1 3536
1379 1 3541
1380 1 3529
1380 1 3541
1380 1 3543
1380 1 3544
1381 1 3529
1381 1 3530
1381 1 3543
1381 1 3544
1382 1 3532
1382 1 3533
1383 1 3533
1383 1 3542
1384 1 3536
1385 1 3530
1385 1 3532
1385 1 3536
1386 1 3536
1387 1 3529
1387 1 3541
1387 1 3542
1387 1 3544
1388 1 3534
1388 1 3536
1388 1 3544
1389 1 3529
1390 1 3536
1390 1 3542
1391 1 3534
1391 1 3536
1391 1 3538
1392 1 3533
1393 1 3543
1393 1 3544
1394 1 3529
1394 1 3533
1395 1 3530
1395 1 3542
1396 1 3529
1396 1 3530
1397 1 3529
1397 1 3544
1398 1 3536
1399 1 3529
1399 1 3544
1400 1 3536
1401 1 3533
1402 1 3536
1403 1 3533
1404 1 3530
1404 1 3544
1405 1 3529
1405 1 3544
1405 1 3545
1406 1 3534
1406 1 3538
1406 1 3541
1406 1 3544
1407 1 3536
1407 1 3545
1408 1 3534
1408 1 3536
1408 1 3544
1409 1 3536
1410 1 3539
1411 1 3536
1412 1 3541
1412 1 3544
1413 1 3529
1413 1 3536
1413 1 3544
1414 1 3529
1414 1 3534
1414 1 3541
1415 1 3533
1415 1 3542
1416 1 3544
1417 1 3533
1417 1 3542
1418 1 3536
1419 1 3536
1420 1 3529
1420 1 3544
1421 1 3536
1421 1 3542
1422 1 3533
1423 1 3533
1424 1 3533
1424 1 3536
1425 1 3536
1425 1 3542
1426 1 3539
1426 1 3541
1426 1 3544
1427 1 3534
1427 1 3539
1427 1 3541
1427 1 3544
1428 1 3533
1429 1 3534
1429 1 3544
1430 1 3533
1430 1 3536
1430 1 3544
1431 1 3535
1432 1 3536
1433 1 3536
1434 1 3535
1435 1 3536
1435 1 3543
1435 1 3544
1436 1 3532
1436 1 3536
1436 1 3537
1437 1 3539
1438 1 3542
1439 1 3535
1440 1 3542
1440 1 3544
1441 1 3536
1442 1 3536
1443 1 3544
1444 1 3534
1445 1 3533
1446 1 3536
1447 1 3533
1448 1 3542
1449 1 3529
1449 1 3536
1450 1 3536
1451 1 3542
1452 1 3536
1452 1 3545
1453 1 3534
1454 1 3536
1455 1 3536
1456 1 3536
1456 1 3542
1456 1 3544
1457 1 3534
1457 1 3544
1458 1 3529
1458 1 3530
1458 1 3543
1458 1 3545
1459 1 3533
1460 1 3536
1461 1 3533
1462 1 3536
1462 1 3542
1463 1 3529
1463 1 3530
1464 1 3536
1465 1 3536
1465 1 3542
1465 1 3544
1466 1 3542
1467 1 3542
1468 1 3534
1468 1 3544
1469 1 3529
1469 1 3544
1470 1 3531
1470 1 3532
1470 1 3540
1471 1 3533
1471 1 3541
1472 1 3529
1472 1 3539
1472 1 3543
1473 1 3539
1473 1 3543
1474 1 3536
1475 1 3536
1476 1 3536
1477 1 3536
1477 1 3545
1478 1 3536
1479 1 3533
1479 1 3536
1480 1 3532
1480 1 3533
1480 1 3537
1481 1 3533
1482 1 3536
1483 1 3532
1483 1 3533
1484 1 3533
1484 1 3534
1484 1 3536
1484 1 3541
1485 1 3532
1485 1 3533
1486 1 3544
1487 1 3539
1487 1 3544
1488 1 3544
1489 1 3536
1490 1 3536
1490 1 3542
1491 1 3529
1491 1 3542
1491 1 3544
1492 1 3536
1493 1 3536
1494 1 3536
1495 1 3536
1496 1 3534
1496 1 3536
1497 1 3536
1498 1 3533
1499 1 3533
1499 1 3534
1499 1 3541
1499 1 3544
1500 1 3536
1500 1 3542
1501 1 3533
1501 1 3536
1502 1 3536
1502 1 3542
1503 1 3529
1503 1 3532
1504 1 3536
1505 1 3535
1506 1 3529
1506 1 3530
1506 1 3544
1507 1 3533
1508 1 3533
1508 1 3536
1509 1 3538
1509 1 3543
1509 1 3544
1510 1 3542
1511 1 3530
1511 1 3532
1511 1 3537
1511 1 3543
1512 1 3529
1512 1 3544
1513 1 3533
1514 1 3529
1514 1 3541
1514 1 3544
1515 1 3542
1516 1 3539
1517 1 3536
1518 1 3536
1519 1 3533
1519 1 3540
1520 1 3529
1520 1 3539
1520 1 3543
1521 1 3536
1521 1 3542
1522 1 3529
1522 1 3544
1523 1 3542
1523 1 3544
1524 1 3539
1525 1 3529
1525 1 3533
1525 1 3540
1526 1 3529
1526 1 3536
1527 1 3533
1527 1 3542
1528 1 3530
1528 1 3543
1528 1 3544
1529 1 3535
1530 1 3533
1530 1 3542
1531 1 3538
1531 1 3541
1531 1 3544
1532 1 3533
1532 1 3536
1533 1 3529
1533 1 3534
1534 1 3535
1535 1 3529
1535 1 3536
1536 1 3534
1536 1 3536
1537 1 3529
1537 1 3544
1538 1 3533
1539 1 3533
1539 1 3536
1540 1 3536
1541 1 3529
1541 1 3536
1542 1 3535
1543 1 3544
1544 1 3534
1544 1 3536
1545 1 3529
1545 1 3536
1545 1 3542
1546 1 3534
1546 1 3536
1547 1 3534
1547 1 3536
1547 1 3541
1547 1 3544
1548 1 3530
1548 1 3532
1548 1 3533
1549 1 3536
1550 1 3533
1550 1 3534
1550 1 3536
1551 1 3536
1552 1 3536
1553 1 3532
1553 1 3533
1553 1 3536
1554 1 3536
1555 1 3533
1555 1 3536
1556 1 3533
1556 1 3536
1556 1 3542
1557 1 3533
1557 1 3542
1558 1 3532
1558 1 3533
1559 1 3533
1559 1 3544
1560 1 3529
1560 1 3536
1561 1 3530
1561 1 3532
1562 1 3533
1562 1 3535
1563 1 3536
1563 1 3542
1564 1 3533
1565 1 3529
1565 1 3543
1565 1 3544
1566 1 3529
1566 1 3536
1567 1 3529
1567 1 3536
1567 1 3544
1568 1 3536
1568 1 3544
1569 1 3542
1570 1 3536
1571 1 3533
1572 1 3533
1573 1 3536
1574 1 3536
1574 1 3544
1575 1 3534
1575 1 3536
1576 1 3536
1577 1 3533
1577 1 3544
1578 1 3536
1579 1 3530
1579 1 3532
1579 1 3533
1579 1 3537
1580 1 3530
1581 1 3536
1581 1 3542
1582 1 3536
1582 1 3542
1583 1 3533
1584 1 3533
1584 1 3542
1585 1 3533
1586 1 3535
1586 1 3540
1587 1 3533
1588 1 3529
1588 1 3533
1589 1 3536
1590 1 3536
1591 1 3533
1591 1 3544
1592 1 3539
1592 1 3543
1593 1 3533
1594 1 3533
1595 1 3535
1596 1 3529
1596 1 3533
1597 1 3529
1597 1 3530
1598 1 3529
1598 1 3544
1599 1 3533
1599 1 3536
1600 1 3533
1600 1 3536
1601 1 3536
1602 1 3536
1603 1 3533
1603 1 3542
1604 1 3533
1605 1 3529
1605 1 3536
1605 1 3543
1605 1 3544
1606 1 3536
1607 1 3533
1607 1 3542
1608 1 3536
1609 1 3536
1610 1 3530
1610 1 3531
1610 1 3532
1610 1 3537
1611 1 3529
1611 1 3543
1612 1 3533
1613 1 3533
1613 1 3536
1614 1 3533
1614 1 3536
1615 1 3533
1616 1 3530
1616 1 3533
1617 1 3533
1617 1 3536
1617 1 3542
1618 1 3544
1619 1 3536
1620 1 3539
1620 1 3544
1621 1 3541
1621 1 3544
1622 1 3536
1623 1 3530
1623 1 3533
1623 1 3542
1624 1 3533
1624 1 3536
1624 1 3542
1625 1 3533
1626 1 3536
1626 1 3542
1627 1 3536
1627 1 3545
1628 1 3530
1628 1 3536
1629 1 3536
1630 1 3535
1631 1 3536
1631 1 3542
1632 1 3533
1633 1 3533
1633 1 3536
1634 1 3533
1634 1 3542
1635 1 3531
1635 1 3532
1636 1 3541
1636 1 3543
1636 1 3544
1637 1 3529
1637 1 3533
1637 1 3534
1638 1 3533
1639 1 3529
1639 1 3534
1639 1 3542
1640 1 3536
1640 1 3541
1641 1 3533
1641 1 3536
1642 1 3536
1643 1 3529
1643 1 3533
1643 1 3536
1644 1 3529
1644 1 3530
1644 1 3543
1644 1 3544
1645 1 3529
1645 1 3533
1645 1 3534
1645 1 3536
1646 1 3532
1646 1 3533
1647 1 3531
1647 1 3532
1647 1 3537
1647 1 3545
1648 1 3543
1648 1 3544
1649 1 3536
1650 1 3533
1651 1 3539
1651 1 3543
1652 1 3536
1652 1 3542
1652 1 3545
1653 1 3540
1654 1 3545
1655 1 3546
1656 1 3536
1657 1 3536
1658 1 3530
1659 1 3540
1660 1 3536
1661 1 3533
1662 1 3536
1663 1 3536
1663 1 3545
1664 1 3533
1665 1 3536
1666 1 3536
1666 1 3545
1667 1 3536
1668 1 3536
1669 1 3536
1670 1 3536
1671 1 3536
1671 1 3542
1671 1 3545
1672 1 3534
1672 1 3536
1673 1 3536
1673 1 3542
1674 1 3540
1674 1 3542
1675 1 3533
1676 1 3536
1677 1 3536
1677 1 3541
1678 1 3540
1679 1 3536
1680 1 3529
1680 1 3534
1680 1 3536
1680 1 3544
1681 1 3529
1681 1 3536
1682 1 3536
1683 1 3536
1684 1 3536
1685 1 3533
1685 1 3536
1686 1 3536
1686 1 3542
1687 1 3536
1687 1 3545
1688 1 3536
1689 1 3536
1690 1 3533
1691 1 3536
1691 1 3541
1692 1 3533
1692 1 3543
1693 1 3533
1694 1 3530
1694 1 3532
1694 1 3537
1695 1 3533
1695 1 3536
1696 1 3539
1697 1 3539
1698 1 3539
1699 1 3539
1700 1 3539
1701 1 3539
1702 1 3539
1703 1 3539
1704 1 3539
1705 1 3539
1706 1 3539
1707 1 3539
1708 1 3539
1709 1 3539
1710 1 3539
1711 1 3539
1712 1 3539
1713 1 3539
1714 1 3539
1715 1 3539
1716 1 3539
1717 1 3539
1718 1 3539
1719 1 3539
1720 1 3539
1720 1 3544
1721 1 3539
1721 1 3544
1722 1 3539
1722 1 3544
1723 1 3539
1724 1 3539
1725 1 3539
1726 1 3529
1726 1 3533
1726 1 3534
1726 1 3536
1727 1 3529
1727 1 3533
1727 1 3534
1727 1 3536
1728 1 3529
1728 1 3533
1728 1 3534
1728 1 3536
1729 1 3533
1729 1 3539
1730 1 3533
1730 1 3539
1731 1 3530
1731 1 3532
1731 1 3537
1732 1 3529
1732 1 3530
1732 1 3542
1733 1 3533
1734 1 3534
1734 1 3536
1734 1 3538
1735 1 3543
1735 1 3544
1736 1 3543
1737 1 3533
1737 1 3543
1738 1 3533
1738 1 3543
1738 1 3546
1739 1 3529
1739 1 3530
1740 1 3532
1740 1 3533
1741 1 3532
1741 1 3533
1741 1 3537
1742 1 3532
1742 1 3533
1742 1 3546
1743 1 3532
1743 1 3537
1743 1 3540
1744 1 3531
1744 1 3532
1745 1 3529
1745 1 3536
1746 1 3536
1746 1 3542
1747 1 3537
1747 1 3543
1748 1 3536
1749 1 3529
1749 1 3534
1749 1 3536
1750 1 3536
1750 1 3541
1751 1 3536
1751 1 3542
1752 1 3539
1752 1 3544
1753 1 3533
1753 1 3534
1754 1 3529
1754 1 3536
1754 1 3545
1755 1 3533
1755 1 3542
1756 1 3532
1756 1 3533
1757 1 3532
1757 1 3533
1758 1 3531
1758 1 3532
1759 1 3543
1760 1 3532
1760 1 3533
1761 1 3532
1761 1 3533
1762 1 3530
1762 1 3532
1762 1 3533
1763 1 3532
1763 1 3533
1763 1 3543
1764 1 3532
1764 1 3533
1765 1 3529
1765 1 3530
1765 1 3532
1765 1 3533
1766 1 3532
1766 1 3533
1767 1 3530
1767 1 3532
1767 1 3537
1768 1 3533
1769 1 3530
1769 1 3532
1769 1 3536
1769 1 3542
1770 1 3530
1770 1 3532
1770 1 3543
1771 1 3532
1772 1 3531
1772 1 3532
1773 1 3533
1773 1 3540
1774 1 3530
1774 1 3532
1774 1 3533
1775 1 3530
1775 1 3532
1775 1 3533
1776 1 3532
1776 1 3533
1777 1 3532
1777 1 3533
1777 1 3543
1778 1 3530
1778 1 3532
1778 1 3533
1778 1 3537
1778 1 3543
1779 1 3533
1779 1 3546
1780 1 3530
1780 1 3532
1781 1 3530
1781 1 3532
1782 1 3529
1782 1 3544
1783 1 3532
1783 1 3536
1784 1 3533
1785 1 3535
1786 1 3536
1786 1 3542
1787 1 3536
1787 1 3542
1788 1 3533
1788 1 3535
1789 1 3533
1789 1 3536
1789 1 3542
1790 1 3538
1791 1 3536
1791 1 3542
1791 1 3545
1792 1 3536
1793 1 3536
1794 1 3536
1795 1 3536
1796 1 3533
1797 1 3533
1798 1 3536
1799 1 3536
1799 1 3545
1800 1 3536
1800 1 3541
1801 1 3530
1801 1 3532
1802 1 3531
1802 1 3532
1802 1 3533
1802 1 3540
1803 1 3532
1803 1 3536
1804 1 3531
1804 1 3532
1804 1 3533
1804 1 3540
1804 1 3542
1805 1 3531
1805 1 3532
1805 1 3533
1805 1 3540
1805 1 3542
1806 1 3532
1806 1 3533
1807 1 3532
1807 1 3540
1808 1 3532
1808 1 3540
1809 1 3531
1809 1 3532
1810 1 3536
1810 1 3537
1811 1 3531
1811 1 3532
1811 1 3537
1811 1 3540
1812 1 3530
1812 1 3533
1812 1 3540
1813 1 3531
1813 1 3532
1814 1 3531
1814 1 3532
1815 1 3532
1815 1 3543
1816 1 3531
1816 1 3532
1816 1 3540
1817 1 3530
1817 1 3532
1817 1 3537
1817 1 3543
1818 1 3529
1818 1 3530
1818 1 3543
1819 1 3532
1819 1 3533
1820 1 3531
1820 1 3532
1820 1 3540
1821 1 3532
1821 1 3539
1822 1 3532
1822 1 3533
1823 1 3530
1823 1 3531
1823 1 3532
1823 1 3540
1824 1 3533
1824 1 3537
1824 1 3542
1825 1 3530
1825 1 3536
1826 1 3531
1826 1 3532
1826 1 3533
1826 1 3540
1827 1 3530
1827 1 3532
1828 1 3536
1829 1 3529
1829 1 3530
1829 1 3537
1829 1 3543
1830 1 3536
1830 1 3545
1831 1 3539
1831 1 3544
1832 1 3533
1832 1 3542
1833 1 3533
1834 1 3533
1834 1 3534
1834 1 3544
1835 1 3533
1836 1 3534
1836 1 3536
1837 1 3539
1837 1 3544
1838 1 3536
1839 1 3529
1839 1 3530
1840 1 3530
1840 1 3531
1840 1 3532
1840 1 3543
1841 1 3536
1841 1 3543
1842 1 3539
1842 1 3544
1843 1 3539
1844 1 3536
1844 1 3539
1845 1 3539
1845 1 3544
1846 1 3539
1846 1 3544
1847 1 3531
1847 1 3532
1848 1 3533
1849 1 3536
1849 1 3542
1850 1 3529
1850 1 3534
1850 1 3541
1850 1 3544
1851 1 3536
1851 1 3542
1852 1 3533
1853 1 3535
1854 1 3534
1854 1 3536
1854 1 3542
1855 1 3536
1856 1 3536
1857 1 3530
1857 1 3533
1858 1 3533
1859 1 3530
1859 1 3540
1860 1 3533
1861 1 3531
1861 1 3532
1862 1 3531
1862 1 3532
1862 1 3536
1862 1 3537
1863 1 3531
1863 1 3532
1864 1 3532
1864 1 3537
1864 1 3543
1865 1 3531
1865 1 3532
1865 1 3533
1866 1 3531
1866 1 3532
1866 1 3533
1867 1 3530
1867 1 3537
1867 1 3542
1868 1 3533
1869 1 3533
1869 1 3536
1869 1 3542
1870 1 3536
1870 1 3542
1871 1 3536
1872 1 3533
1872 1 3539
1873 1 3533
1873 1 3539
1874 1 3533
1875 1 3533
1876 1 3532
1876 1 3533
1877 1 3529
1877 1 3530
1878 1 3536
1878 1 3542
1879 1 3533
1880 1 3533
1880 1 3536
1881 1 3542
1882 1 3534
1882 1 3539
1883 1 3534
1883 1 3539
1884 1 3539
1884 1 3544
1885 1 3530
1885 1 3532
1885 1 3537
1886 1 3530
1886 1 3532
1886 1 3537
1887 1 3533
1887 1 3539
1888 1 3536
1889 1 3536
1890 1 3536
1890 1 3542
1891 1 3529
1891 1 3530
1891 1 3539
1892 1 3536
1892 1 3542
1893 1 3533
1894 1 3529
1894 1 3533
1895 1 3533
1895 1 3536
1895 1 3542
1896 1 3533
1897 1 3530
1897 1 3537
1897 1 3543
1898 1 3533
1898 1 3537
1899 1 3536
1899 1 3542
1900 1 3544
1901 1 3533
1901 1 3544
1902 1 3544
1903 1 3544
1904 1 3544
1905 1 3544
1906 1 3536
1906 1 3538
1906 1 3544
1907 1 3544
1908 1 3541
1908 1 3544
1909 1 3544
1910 1 3538
1910 1 3544
1911 1 3541
1911 1 3544
1912 1 3536
1913 1 3531
1914 1 3536
1915 1 3533
1916 1 3536
1917 1 3529
1917 1 3530
1917 1 3537
1918 1 3529
1918 1 3534
1918 1 3536
1919 1 3533
1920 1 3529
1921 1 3536
1922 1 3535
1923 1 3536
1924 1 3536
1924 1 3544
1924 1 3545
1925 1 3538
1925 1 3544
1926 1 3544
1927 1 3533
1928 1 3541
1928 1 3544
1929 1 3536
1930 1 3533
1930 1 3541
1930 1 3542
1930 1 3544
1931 1 3534
1931 1 3544
1932 1 3544
1933 1 3544
1934 1 3544
1935 1 3533
1935 1 3542
1936 1 3541
1936 1 3544
1937 1 3544
1938 1 3533
1939 1 3544
1940 1 3534
1940 1 3536
1941 1 3543
1941 1 3544
1942 1 3536
1943 1 3536
1944 1 3533
1944 1 3536
1945 1 3533
1945 1 3536
1946 1 3536
1947 1 3533
1948 1 3536
1949 1 3533
1949 1 3536
1949 1 3542
1950 1 3533
1950 1 3542
1951 1 3533
1951 1 3536
1952 1 3533
1953 1 3533
1954 1 3533
1954 1 3536
1954 1 3542
1955 1 3533
1956 1 3536
1957 1 3533
1958 1 3533
1958 1 3536
1959 1 3529
1959 1 3533
1959 1 3537
1960 1 3533
1961 1 3539
1961 1 3543
1962 1 3533
1962 1 3542
1963 1 3529
1964 1 3533
1964 1 3542
1965 1 3529
1965 1 3534
1966 1 3533
1967 1 3533
1967 1 3536
1967 1 3542
1968 1 3544
1969 1 3536
1970 1 3530
1970 1 3533
1971 1 3533
1971 1 3542
1972 1 3541
1972 1 3544
1973 1 3534
1973 1 3536
1974 1 3536
1975 1 3536
1976 1 3536
1977 1 3529
1977 1 3544
1978 1 3529
1978 1 3530
1978 1 3543
1979 1 3536
1980 1 3529
1980 1 3534
1980 1 3544
1981 1 3539
1981 1 3544
1982 1 3534
1983 1 3534
1984 1 3533
1984 1 3536
1985 1 3536
1986 1 3536
1987 1 3536
1988 1 3533
1989 1 3543
1989 1 3544
1989 1 3545
1990 1 3529
1990 1 3539
1990 1 3543
1990 1 3544
1991 1 3533
1991 1 3536
1992 1 3533
1992 1 3536
1993 1 3536
1993 1 3542
1994 1 3542
1995 1 3536
1996 1 3531
1996 1 3532
1997 1 3533
1998 1 3533
1999 1 3536
1999 1 3542
2000 1 3533
2001 1 3533
2001 1 3540
2002 1 3533
2003 1 3533
2004 1 3536
2004 1 3540
2005 1 3536
2006 1 3536
2007 1 3533
2008 1 3529
2008 1 3536
2009 1 3536
2010 1 3536
2011 1 3541
2011 1 3543
2012 1 3536
2013 1 3536
2014 1 3536
2015 1 3539
2015 1 3544
2016 1 3536
2016 1 3542
2017 1 3533
2018 1 3533
2019 1 3536
2019 1 3544
2020 1 3533
2021 1 3529
2021 1 3530
2021 1 3543
2021 1 3544
2021 1 3545
2022 1 3535
2023 1 3533
2023 1 3536
2024 1 3533
2025 1 3536
2025 1 3544
2026 1 3539
2027 1 3539
2028 1 3536
2029 1 3535
2030 1 3533
2030 1 3542
2031 1 3534
2031 1 3536
2032 1 3536
2033 1 3529
2033 1 3544
2034 1 3533
2035 1 3536
2036 1 3536
2037 1 3539
2037 1 3541
2037 1 3544
2038 1 3533
2038 1 3542
2039 1 3542
2040 1 3536
2041 1 3533
2042 1 3529
2042 1 3530
2042 1 3536
2042 1 3544
2043 1 3536
2044 1 3543
2044 1 3544
2045 1 3529
2046 1 3536
2047 1 3533
2047 1 3544
2048 1 3533
2049 1 3536
2050 1 3533
2050 1 3536
2051 1 3529
2051 1 3544
2052 1 3531
2052 1 3532
2052 1 3533
2053 1 3531
2053 1 3532
2053 1 3533
2054 1 3533
2055 1 3536
2056 1 3536
2057 1 3533
2058 1 3536
2059 1 3533
2060 1 3536
2061 1 3529
2061 1 3543
2062 1 3529
2062 1 3543
2063 1 3529
2063 1 3543
2064 1 3529
2064 1 3530
2064 1 3539
2065 1 3529
2065 1 3530
2065 1 3539
2066 1 3529
2066 1 3530
2066 1 3539
2067 1 3533
2067 1 3542
2068 1 3529
2068 1 3530
2068 1 3536
2069 1 3533
2070 1 3533
2071 1 3529
2071 1 3530
2072 1 3533
2072 1 3536
2073 1 3533
2074 1 3529
2075 1 3539
2075 1 3543
2076 1 3533
2077 1 3533
2078 1 3533
2079 1 3533
2080 1 3533
2081 1 3533
2082 1 3532
2082 1 3533
2083 1 3533
2083 1 3542
2084 1 3536
2085 1 3533
2085 1 3534
2086 1 3536
2086 1 3542
2087 1 3534
2087 1 3539
2087 1 3544
2088 1 3533
2089 1 3534
2089 1 3544
2090 1 3533
2090 1 3536
2091 1 3529
2091 1 3543
2092 1 3531
2092 1 3540
2093 1 3533
2094 1 3533
2094 1 3542
2095 1 3536
2096 1 3536
2097 1 3530
2097 1 3532
2097 1 3537
2098 1 3532
2098 1 3536
2099 1 3546
2100 1 3529
2100 1 3545
2101 1 3529
2102 1 3529
2102 1 3545
2103 1 3529
2103 1 3530
2103 1 3533
2103 1 3542
2104 1 3529
2104 1 3530
2104 1 3533
2104 1 3542
2105 1 3533
2105 1 3543
2106 1 3533
2106 1 3543
2107 1 3529
2107 1 3536
2108 1 3529
2108 1 3536
2109 1 3529
2109 1 3536
2110 1 3529
2110 1 3536
2111 1 3533
2111 1 3541
2112 1 3529
2112 1 3530
2112 1 3541
2113 1 3536
2113 1 3542
2114 1 3533
2115 1 3533
2115 1 3536
2116 1 3533
2117 1 3536
2117 1 3544
2118 1 3536
2119 1 3529
2119 1 3530
2119 1 3536
2120 1 3529
2120 1 3530
2120 1 3536
2121 1 3533
2122 1 3533
2122 1 3542
2123 1 3534
2124 1 3533
2124 1 3536
2124 1 3542
2125 1 3529
2125 1 3536
2125 1 3545
2126 1 3539
2126 1 3543
2127 1 3530
2127 1 3532
2127 1 3536
2128 1 3530
2128 1 3532
2128 1 3536
2129 1 3533
2129 1 3536
2130 1 3536
2131 1 3536
2132 1 3536
2133 1 3536
2134 1 3533
2135 1 3536
2136 1 3536
2136 1 3544
2137 1 3536
2138 1 3536
2139 1 3536
2139 1 3546
2140 1 3536
2141 1 3536
2141 1 3542
2142 1 3533
2142 1 3536
2143 1 3536
2144 1 3544
2145 1 3533
2145 1 3536
2146 1 3539
2146 1 3543
2147 1 3530
2147 1 3532
2148 1 3530
2148 1 3532
2148 1 3543
2149 1 3539
2150 1 3539
2151 1 3536
2151 1 3537
2152 1 3539
2152 1 3543
2153 1 3539
2153 1 3543
2154 1 3539
2154 1 3543
2155 1 3529
2155 1 3533
2156 1 3533
2156 1 3534
2157 1 3539
2158 1 3539
2159 1 3539
2160 1 3539
2161 1 3533
2162 1 3539
2163 1 3539
2164 1 3536
2165 1 3541
2166 1 3529
2166 1 3533
2166 1 3542
2166 1 3544
2167 1 3533
2167 1 3542
2168 1 3530
2168 1 3533
2169 1 3530
2169 1 3533
2170 1 3533
2171 1 3533
2172 1 3536
2173 1 3529
2173 1 3541
2173 1 3544
2174 1 3529
2174 1 3545
2175 1 3530
2176 1 3533
2176 1 3546
2177 1 3536
2177 1 3544
2178 1 3536
2179 1 3536
2179 1 3542
2180 1 3533
2180 1 3542
2181 1 3533
2181 1 3539
2181 1 3544
2182 1 3533
2182 1 3542
2183 1 3529
2183 1 3533
2184 1 3536
2184 1 3539
2184 1 3544
2185 1 3529
2185 1 3544
2186 1 3533
2186 1 3542
2187 1 3533
2188 1 3536
2189 1 3535
2190 1 3531
2190 1 3543
2191 1 3533
2191 1 3542
2192 1 3542
2193 1 3533
2193 1 3543
2194 1 3533
2195 1 3533
2196 1 3536
2197 1 3533
2197 1 3542
2198 1 3536
2199 1 3533
2199 1 3536
2200 1 3544
2201 1 3533
2201 1 3536
2201 1 3542
2202 1 3533
2203 1 3533
2204 1 3533
2204 1 3542
2205 1 3534
2206 1 3536
2207 1 3539
2208 1 3539
2209 1 3539
2210 1 3539
2211 1 3539
2212 1 3533
2213 1 3539
2214 1 3536
2215 1 3536
2216 1 3536
2217 1 3536
2217 1 3544
2218 1 3529
2218 1 3536
2219 1 3529
2219 1 3539
2219 1 3543
2220 1 3543
2221 1 3529
2221 1 3543
2221 1 3544
2221 1 3546
2222 1 3529
2222 1 3530
2222 1 3543
2223 1 3529
2223 1 3543
2224 1 3529
2224 1 3543
2225 1 3529
2225 1 3543
2226 1 3529
2226 1 3543
2227 1 3529
2227 1 3543
2228 1 3529
2229 1 3536
2230 1 3530
2231 1 3535
2232 1 3533
2233 1 3529
2233 1 3534
2233 1 3536
2233 1 3544
2234 1 3536
2235 1 3533
2235 1 3534
2235 1 3544
2236 1 3533
2237 1 3536
2238 1 3533
2239 1 3536
2240 1 3539
2241 1 3529
2241 1 3543
2242 1 3539
2242 1 3544
2243 1 3536
2243 1 3544
2244 1 3533
2245 1 3539
2245 1 3543
2245 1 3544
2246 1 3539
2246 1 3543
2246 1 3544
2247 1 3533
2248 1 3536
2249 1 3533
2249 1 3542
2250 1 3531
2250 1 3532
2251 1 3536
2251 1 3539
2252 1 3534
2252 1 3544
2253 1 3536
2254 1 3540
2255 1 3531
2255 1 3532
2256 1 3533
2257 1 3529
2257 1 3534
2258 1 3536
2258 1 3542
2259 1 3536
2259 1 3542
2260 1 3529
2260 1 3543
2260 1 3544
2261 1 3533
2261 1 3542
2262 1 3536
2263 1 3533
2264 1 3536
2265 1 3533
2265 1 3536
2266 1 3543
2267 1 3536
2268 1 3534
2269 1 3533
2269 1 3542
2270 1 3529
2270 1 3533
2271 1 3541
2272 1 3536
2272 1 3542
2273 1 3533
2273 1 3534
2273 1 3544
2274 1 3533
2275 1 3533
2275 1 3536
2275 1 3542
2276 1 3536
2277 1 3533
2278 1 3536
2278 1 3542
2278 1 3543
2279 1 3533
2279 1 3536
2280 1 3533
2280 1 3542
2281 1 3533
2282 1 3533
2283 1 3529
2283 1 3543
2283 1 3544
2284 1 3530
2284 1 3543
2285 1 3534
2285 1 3544
2286 1 3533
2286 1 3539
2287 1 3536
2288 1 3536
2289 1 3536
2290 1 3536
2291 1 3536
2292 1 3529
2292 1 3539
2292 1 3543
2293 1 3529
2293 1 3539
2293 1 3543
2294 1 3530
2294 1 3543
2295 1 3529
2295 1 3534
2296 1 3529
2296 1 3530
2296 1 3539
2296 1 3544
2297 1 3533
2298 1 3536
2298 1 3542
2299 1 3536
2299 1 3542
2300 1 3533
2300 1 3537
2301 1 3533
2302 1 3536
2303 1 3529
2304 1 3533
2304 1 3536
2304 1 3542
2305 1 3535
2305 1 3536
2306 1 3529
2306 1 3530
2306 1 3537
2306 1 3543
2307 1 3533
2307 1 3542
2308 1 3536
2309 1 3536
2310 1 3539
2310 1 3542
2311 1 3539
2312 1 3539
2313 1 3539
2314 1 3539
2315 1 3539
2316 1 3536
2317 1 3529
2317 1 3530
2317 1 3543
2318 1 3529
2318 1 3530
2318 1 3543
2319 1 3529
2319 1 3530
2319 1 3543
2320 1 3529
2320 1 3530
2320 1 3543
2321 1 3539
2322 1 3539
2323 1 3539
2324 1 3539
2325 1 3539
2326 1 3539
2327 1 3539
2328 1 3539
2329 1 3539
2330 1 3539
2331 1 3539
2332 1 3539
2333 1 3539
2333 1 3543
2334 1 3533
2334 1 3539
2334 1 3540
2334 1 3543
2335 1 3543
2336 1 3533
2336 1 3535
2337 1 3543
2338 1 3543
2339 1 3529
2339 1 3543
2339 1 3545
2340 1 3543
2341 1 3539
2341 1 3543
2342 1 3543
2343 1 3543
2344 1 3543
2345 1 3539
2345 1 3543
2346 1 3545
2347 1 3545
2348 1 3533
2348 1 3542
2349 1 3536
2349 1 3543
2349 1 3544
2350 1 3536
2351 1 3536
2352 1 3533
2352 1 3536
2352 1 3542
2353 1 3536
2353 1 3544
2354 1 3535
2355 1 3536
2356 1 3536
2356 1 3542
2357 1 3533
2357 1 3542
2357 1 3543
2358 1 3536
2359 1 3533
2360 1 3533
2360 1 3536
2361 1 3536
2361 1 3541
2362 1 3531
2362 1 3532
2363 1 3536
2363 1 3544
2364 1 3535
2365 1 3533
2366 1 3536
2367 1 3529
2367 1 3534
2367 1 3542
2368 1 3535
2369 1 3533
2370 1 3536
2371 1 3533
2372 1 3533
2372 1 3536
2372 1 3542
2373 1 3529
2373 1 3533
2373 1 3543
2373 1 3544
2374 1 3531
2374 1 3533
2375 1 3529
2375 1 3543
2375 1 3546
2376 1 3536
2377 1 3536
2377 1 3542
2378 1 3536
2379 1 3533
2380 1 3544
2381 1 3542
2382 1 3532
2382 1 3533
2383 1 3539
2384 1 3536
2385 1 3536
2386 1 3539
2386 1 3544
2387 1 3536
2388 1 3533
2388 1 3542
2389 1 3533
2389 1 3539
2390 1 3533
2390 1 3539
2391 1 3533
2392 1 3539
2392 1 3544
2393 1 3529
2393 1 3530
2393 1 3532
2393 1 3533
2394 1 3542
2395 1 3529
2395 1 3543
2395 1 3544
2396 1 3529
2396 1 3530
2396 1 3533
2397 1 3533
2397 1 3542
2398 1 3536
2399 1 3534
2399 1 3538
2400 1 3538
2401 1 3536
2402 1 3536
2403 1 3536
2404 1 3536
2405 1 3536
2406 1 3530
2406 1 3533
2407 1 3536
2408 1 3529
2408 1 3530
2408 1 3533
2409 1 3533
2410 1 3529
2411 1 3533
2411 1 3536
2412 1 3536
2413 1 3539
2414 1 3529
2414 1 3544
2415 1 3536
2416 1 3536
2417 1 3536
2418 1 3533
2418 1 3539
2418 1 3540
2419 1 3533
2419 1 3539
2420 1 3529
2420 1 3530
2421 1 3536
2421 1 3541
2422 1 3533
2422 1 3536
2423 1 3533
2424 1 3533
2424 1 3541
2425 1 3544
2426 1 3539
2427 1 3536
2428 1 3529
2429 1 3536
2430 1 3536
2431 1 3533
2432 1 3536
2433 1 3531
2433 1 3532
2434 1 3544
2435 1 3529
2435 1 3544
2436 1 3534
2436 1 3536
2436 1 3544
2437 1 3533
2437 1 3536
2438 1 3533
2438 1 3536
2439 1 3533
2440 1 3533
2441 1 3534
2441 1 3541
2442 1 3533
2443 1 3536
2444 1 3533
2445 1 3536
2446 1 3533
2446 1 3542
2447 1 3536
2448 1 3535
2449 1 3536
2450 1 3544
2451 1 3533
2452 1 3533
2452 1 3539
2453 1 3539
2454 1 3539
2455 1 3539
2456 1 3539
2457 1 3539
2458 1 3533
2459 1 3539
2460 1 3533
2461 1 3539
2462 1 3539
2463 1 3533
2464 1 3533
2465 1 3533
2465 1 3539
2466 1 3533
2467 1 3533
2468 1 3533
2469 1 3533
2469 1 3537
2470 1 3533
2471 1 3533
2472 1 3531
2472 1 3532
2473 1 3536
2473 1 3542
2474 1 3529
2474 1 3542
2474 1 3544
2475 1 3544
2476 1 3533
2476 1 3536
2477 1 3533
2477 1 3542
2478 1 3533
2478 1 3544
2479 1 3529
2479 1 3543
2480 1 3529
2480 1 3543
2481 1 3533
2482 1 3531
2482 1 3541
2483 1 3533
2484 1 3529
2484 1 3544
2485 1 3535
2486 1 3529
2486 1 3545
2487 1 3529
2487 1 3545
2488 1 3529
2488 1 3545
2489 1 3529
2489 1 3545
2490 1 3544
2491 1 3536
2492 1 3530
2492 1 3536
2493 1 3530
2493 1 3542
2494 1 3529
2494 1 3536
2495 1 3535
2496 1 3536
2497 1 3529
2497 1 3539
2497 1 3544
2498 1 3543
2498 1 3544
2499 1 3532
2499 1 3533
2500 1 3533
2500 1 3536
2501 1 3536
2502 1 3536
2503 1 3542
2503 1 3545
2504 1 3533
2504 1 3542
2505 1 3529
2505 1 3544
2506 1 3533
2507 1 3533
2507 1 3542
2508 1 3536
2509 1 3544
2510 1 3544
2511 1 3534
2511 1 3536
2512 1 3533
2512 1 3542
2513 1 3536
2513 1 3541
2514 1 3532
2515 1 3536
2516 1 3536
2517 1 3533
2517 1 3536
2518 1 3536
2518 1 3544
2519 1 3530
2519 1 3543
2519 1 3544
2520 1 3536
2521 1 3539
2522 1 3539
2523 1 3539
2524 1 3544
2525 1 3531
2525 1 3540
2526 1 3533
2526 1 3536
2527 1 3535
2528 1 3533
2529 1 3533
2529 1 3536
2530 1 3536
2531 1 3533
2531 1 3540
2532 1 3533
2533 1 3533
2534 1 3536
2535 1 3533
2535 1 3539
2536 1 3539
2537 1 3536
2538 1 3533
2539 1 3530
2539 1 3544
2540 1 3529
2540 1 3536
2540 1 3537
2540 1 3542
2541 1 3536
2541 1 3541
2541 1 3542
2542 1 3533
2543 1 3536
2543 1 3541
2543 1 3542
2544 1 3531
2544 1 3532
2545 1 3536
2545 1 3540
2546 1 3539
2547 1 3529
2547 1 3530
2547 1 3533
2548 1 3529
2548 1 3530
2548 1 3533
2549 1 3529
2549 1 3544
2550 1 3536
2551 1 3533
2552 1 3533
2552 1 3542
2553 1 3536
2553 1 3542
2554 1 3532
2554 1 3533
2555 1 3536
2556 1 3533
2556 1 3542
2557 1 3533
2558 1 3536
2558 1 3545
2559 1 3533
2560 1 3529
2560 1 3536
2561 1 3529
2561 1 3536
2562 1 3536
2562 1 3542
2563 1 3546
2564 1 3533
2564 1 3545
2565 1 3539
2565 1 3541
2566 1 3530
2566 1 3531
2566 1 3532
2567 1 3539
2567 1 3543
2568 1 3539
2568 1 3543
2569 1 3539
2569 1 3544
2570 1 3539
2570 1 3544
2571 1 3536
2572 1 3529
2572 1 3530
2573 1 3536
2573 1 3542
2574 1 3533
2575 1 3536
2576 1 3535
2577 1 3536
2578 1 3529
2578 1 3534
2578 1 3536
2579 1 3533
2580 1 3533
2581 1 3529
2581 1 3530
2581 1 3543
2581 1 3544
2582 1 3534
2582 1 3544
2583 1 3533
2584 1 3536
2584 1 3542
2585 1 3536
2585 1 3542
2586 1 3546
2587 1 3546
2588 1 3533
2589 1 3529
2589 1 3533
2590 1 3536
2591 1 3533
2591 1 3536
2592 1 3536
2592 1 3542
2593 1 3536
2594 1 3536
2595 1 3535
2596 1 3536
2597 1 3536
2598 1 3536
2599 1 3540
2600 1 3533
2600 1 3542
2601 1 3533
2602 1 3533
2603 1 3536
2604 1 3536
2604 1 3544
2605 1 3538
2606 1 3540
2606 1 3542
2606 1 3545
2607 1 3536
2607 1 3542
2608 1 3536
2608 1 3542
2609 1 3529
2609 1 3545
2610 1 3541
2611 1 3533
2611 1 3540
2612 1 3529
2613 1 3529
2614 1 3529
2615 1 3530
2615 1 3536
2615 1 3542
2616 1 3529
2616 1 3546
2617 1 3534
2617 1 3544
2618 1 3532
2618 1 3533
2619 1 3536
2620 1 3529
2620 1 3534
2620 1 3544
2621 1 3536
2622 1 3536
2623 1 3533
2623 1 3536
2624 1 3533
2624 1 3542
2625 1 3534
2625 1 3536
2626 1 3536
2627 1 3529
2628 1 3536
2629 1 3536
2629 1 3544
2630 1 3530
2630 1 3537
2630 1 3543
2631 1 3536
2631 1 3542
2632 1 3530
2632 1 3536
2633 1 3540
2634 1 3536
2634 1 3545
2635 1 3533
2636 1 3539
2636 1 3544
2637 1 3536
2638 1 3536
2638 1 3539
2639 1 3533
2639 1 3536
2640 1 3533
2640 1 3542
2641 1 3536
2642 1 3535
2643 1 3539
2643 1 3544
2644 1 3544
2645 1 3535
2646 1 3529
2646 1 3534
2646 1 3543
2647 1 3529
2647 1 3534
2647 1 3543
2648 1 3530
2648 1 3531
2648 1 3538
2649 1 3536
2650 1 3529
2651 1 3529
2652 1 3529
2653 1 3539
2653 1 3544
2654 1 3529
2655 1 3536
2656 1 3539
2657 1 3536
2658 1 3533
2659 1 3542
2660 1 3533
2661 1 3529
2661 1 3530
2661 1 3531
2662 1 3535
2663 1 3533
2663 1 3536
2664 1 3533
2664 1 3542
2665 1 3544
2666 1 3536
2667 1 3535
2668 1 3544
2669 1 3536
2670 1 3536
2671 1 3533
2672 1 3533
2672 1 3539
2673 1 3533
2674 1 3544
2675 1 3539
2676 1 3539
2677 1 3539
2678 1 3534
2678 1 3536
2679 1 3529
2679 1 3536
2680 1 3539
2681 1 3533
2682 1 3539
2682 1 3543
2683 1 3546
2684 1 3533
2685 1 3529
2685 1 3536
2686 1 3533
2686 1 3536
2686 1 3546
2687 1 3533
2688 1 3543
2689 1 3533
2689 1 3543
2690 1 3531
2690 1 3532
2691 1 3533
2691 1 3536
2691 1 3545
2692 1 3530
2693 1 3533
2693 1 3536
2693 1 3546
2694 1 3536
2695 1 3533
2696 1 3533
2697 1 3533
2698 1 3533
2699 1 3533
2700 1 3541
2700 1 3542
2700 1 3544
2701 1 3533
2701 1 3536
2702 1 3533
2702 1 3542
2703 1 3536
2704 1 3533
2705 1 3533
2705 1 3545
2706 1 3536
2707 1 3536
2708 1 3533
2709 1 3536
2709 1 3545
2710 1 3531
2710 1 3532
2711 1 3544
2712 1 3544
2713 1 3533
2714 1 3539
2714 1 3543
2715 1 3533
2715 1 3536
2716 1 3533
2716 1 3540
2717 1 3529
2717 1 3536
2717 1 3545
2718 1 3544
2719 1 3544
2720 1 3536
2721 1 3545
2722 1 3533
2722 1 3536
2723 1 3536
2724 1 3536
2725 1 3530
2725 1 3533
2725 1 3543
2726 1 3536
2727 1 3533
2728 1 3536
2728 1 3542
2729 1 3546
2730 1 3544
2731 1 3533
2732 1 3535
2733 1 3536
2734 1 3536
2735 1 3539
2735 1 3542
2736 1 3529
2736 1 3544
2737 1 3533
2737 1 3536
2738 1 3535
2739 1 3539
2740 1 3533
2741 1 3533
2742 1 3533
2743 1 3536
2744 1 3536
2745 1 3536
2745 1 3545
2746 1 3536
2747 1 3536
2747 1 3546
2748 1 3536
2748 1 3542
2749 1 3536
2750 1 3533
2751 1 3533
2751 1 3542
2752 1 3536
2753 1 3533
2753 1 3542
2754 1 3536
2755 1 3544
2756 1 3544
2757 1 3536
2757 1 3542
2758 1 3529
2758 1 3530
2758 1 3533
2758 1 3534
2759 1 3536
2760 1 3536
2760 1 3542
2761 1 3529
2761 1 3536
2762 1 3533
2762 1 3536
2762 1 3542
2763 1 3536
2764 1 3536
2765 1 3536
2766 1 3536
2767 1 3529
2767 1 3544
2768 1 3531
2768 1 3532
2768 1 3533
2769 1 3536
2770 1 3536
2771 1 3536
2771 1 3542
2771 1 3545
2772 1 3536
2773 1 3533
2774 1 3538
2775 1 3536
2775 1 3542
2775 1 3546
2776 1 3533
2776 1 3536
2777 1 3536
2778 1 3536
2779 1 3536
2780 1 3536
2781 1 3533
2781 1 3536
2782 1 3533
2783 1 3533
2784 1 3533
2785 1 3533
2786 1 3536
2786 1 3545
2787 1 3536
2788 1 3535
2789 1 3529
2789 1 3545
2790 1 3536
2791 1 3529
2791 1 3530
2792 1 3533
2793 1 3536
2794 1 3535
2794 1 3540
2795 1 3536
2795 1 3545
2796 1 3533
2796 1 3542
2797 1 3536
2798 1 3533
2799 1 3536
2799 1 3544
2800 1 3536
2801 1 3541
2802 1 3536
2803 1 3536
2804 1 3529
2804 1 3530
2804 1 3537
2805 1 3536
2805 1 3545
2806 1 3536
2806 1 3542
2807 1 3533
2807 1 3536
2807 1 3543
2808 1 3532
2808 1 3533
2809 1 3536
2810 1 3531
2810 1 3532
2810 1 3540
2811 1 3536
2812 1 3536
2813 1 3533
2813 1 3536
2814 1 3536
2815 1 3536
2816 1 3529
2816 1 3536
2817 1 3536
2818 1 3530
2818 1 3536
2819 1 3536
2820 1 3536
2821 1 3530
2822 1 3536
2823 1 3533
2823 1 3536
2824 1 3530
2824 1 3533
2824 1 3543
2825 1 3536
2825 1 3541
2825 1 3544
2826 1 3533
2827 1 3536
2828 1 3536
2829 1 3533
2829 1 3536
2830 1 3536
2831 1 3535
2832 1 3536
2833 1 3529
2833 1 3533
2833 1 3534
2833 1 3536
2834 1 3536
2835 1 3536
2836 1 3536
2837 1 3535
2838 1 3533
2839 1 3530
2839 1 3543
2840 1 3536
2841 1 3536
2842 1 3536
2842 1 3545
2843 1 3529
2844 1 3536
2845 1 3533
2845 1 3540
2845 1 3542
2846 1 3533
2846 1 3536
2847 1 3536
2848 1 3544
2849 1 3544
2850 1 3542
2851 1 3530
2852 1 3529
2852 1 3533
2853 1 3533
2854 1 3536
2855 1 3531
2855 1 3532
2856 1 3536
2857 1 3536
2858 1 3539
2859 1 3536
2860 1 3536
2861 1 3544
2862 1 3536
2863 1 3536
2864 1 3536
2865 1 3536
2866 1 3533
2866 1 3542
2867 1 3534
2867 1 3536
2868 1 3544
2869 1 3533
2870 1 3533
2871 1 3533
2872 1 3546
2873 1 3544
2874 1 3533
2875 1 3533
2876 1 3533
2877 1 3533
2878 1 3533
2879 1 3533
2879 1 3542
2880 1 3536
2881 1 3536
2882 1 3533
2882 1 3534
2883 1 3533
2884 1 3544
2885 1 3536
2886 1 3536
2886 1 3541
2887 1 3536
2888 1 3533
2889 1 3533
2890 1 3533
2890 1 3536
2891 1 3529
2891 1 3544
2892 1 3529
2892 1 3536
2892 1 3542
2892 1 3544
2893 1 3533
2894 1 3536
2894 1 3542
2895 1 3536
2896 1 3533
2896 1 3536
2896 1 3542
2897 1 3536
2897 1 3541
2898 1 3533
2899 1 3533
2899 1 3539
2900 1 3529
2900 1 3534
2901 1 3529
2901 1 3533
2901 1 3534
2901 1 3536
2902 1 3529
2902 1 3544
2903 1 3529
2903 1 3533
2904 1 3530
2904 1 3542
2904 1 3543
2905 1 3536
2906 1 3536
2907 1 3534
2907 1 3536
2908 1 3539
2908 1 3541
2908 1 3544
2909 1 3529
2910 1 3529
2910 1 3533
2911 1 3533
2912 1 3536
2913 1 3535
2914 1 3533
2915 1 3529
2916 1 3533
2916 1 3542
2917 1 3530
2917 1 3536
2918 1 3533
2919 1 3531
2919 1 3532
2920 1 3536
2921 1 3536
2922 1 3538
2923 1 3536
2923 1 3543
2924 1 3539
2925 1 3536
2926 1 3536
2927 1 3536
2928 1 3533
2928 1 3536
2929 1 3529
2929 1 3543
2930 1 3533
2930 1 3534
2931 1 3533
2932 1 3535
2933 1 3534
2933 1 3536
2934 1 3538
2934 1 3539
2935 1 3533
2936 1 3533
2936 1 3536
2936 1 3542
2937 1 3533
2937 1 3536
2938 1 3533
2939 1 3529
2940 1 3546
2941 1 3533
2942 1 3529
2942 1 3536
2943 1 3529
2943 1 3544
2944 1 3533
2944 1 3536
2945 1 3544
2946 1 3536
2947 1 3533
2947 1 3542
2948 1 3533
2949 1 3533
2950 1 3533
2950 1 3536
2951 1 3533
2951 1 3543
2952 1 3535
2953 1 3534
2953 1 3536
2954 1 3536
2955 1 3536
2956 1 3536
2957 1 3536
2958 1 3534
2958 1 3536
2958 1 3538
2958 1 3544
2959 1 3534
2959 1 3536
2960 1 3533
2960 1 3536
2961 1 3535
2962 1 3545
2963 1 3539
2963 1 3543
2964 1 3533
2965 1 3536
2965 1 3545
2966 1 3533
2966 1 3536
2966 1 3542
2967 1 3539
2968 1 3530
2968 1 3532
2969 1 3539
2970 1 3536
2971 1 3533
2972 1 3536
2973 1 3539
2974 1 3533
2974 1 3542
2975 1 3543
2976 1 3544
2977 1 3536
2977 1 3542
2978 1 3533
2978 1 3542
2979 1 3536
2980 1 3536
2981 1 3533
2982 1 3533
2982 1 3534
2982 1 3536
2983 1 3533
2983 1 3536
2984 1 3534
2984 1 3538
2985 1 3546
2986 1 3529
2986 1 3530
2986 1 3545
2987 1 3545
2988 1 3542
2988 1 3546
2989 1 3536
2989 1 3544
2990 1 3536
2991 1 3529
2991 1 3545
2992 1 3536
2993 1 3543
2994 1 3536
2994 1 3545
2995 1 3536
2996 1 3536
2997 1 3538
2998 1 3533
2998 1 3536
2999 1 3536
3000 1 3529
3001 1 3533
3002 1 3536
3002 1 3541
3003 1 3533
3004 1 3533
3005 1 3529
3005 1 3530
3006 1 3530
3007 1 3533
3008 1 3533
3009 1 3533
3009 1 3537
3010 1 3533
3010 1 3542
3011 1 3533
3012 1 3532
3012 1 3533
3013 1 3532
3013 1 3533
3014 1 3532
3014 1 3533
3015 1 3532
3015 1 3533
3016 1 3531
3016 1 3532
3017 1 3530
3017 1 3543
3018 1 3536
3019 1 3536
3019 1 3544
3020 1 3529
3020 1 3536
3021 1 3529
3021 1 3536
3022 1 3529
3022 1 3530
3022 1 3545
3023 1 3536
3024 1 3536
3024 1 3544
3025 1 3533
3025 1 3536
3026 1 3530
3027 1 3534
3027 1 3536
3028 1 3542
3029 1 3536
3030 1 3536
3031 1 3530
3031 1 3533
3031 1 3543
3032 1 3529
3032 1 3536
3033 1 3533
3033 1 3534
3034 1 3536
3034 1 3544
3035 1 3533
3036 1 3533
3036 1 3542
3037 1 3536
3038 1 3533
3038 1 3536
3039 1 3536
3040 1 3536
3040 1 3542
3041 1 3534
3042 1 3536
3043 1 3531
3043 1 3533
3044 1 3529
3044 1 3536
3045 1 3529
3045 1 3536
3046 1 3529
3046 1 3536
3047 1 3529
3047 1 3536
3048 1 3529
3048 1 3536
3049 1 3534
3049 1 3538
3050 1 3536
3050 1 3542
3051 1 3536
3052 1 3529
3052 1 3532
3052 1 3537
3053 1 3529
3053 1 3532
3053 1 3537
3054 1 3529
3054 1 3532
3054 1 3537
3055 1 3529
3055 1 3545
3056 1 3529
3057 1 3529
3057 1 3536
3057 1 3544
3058 1 3529
3059 1 3541
3059 1 3544
3060 1 3533
3061 1 3536
3062 1 3533
3062 1 3536
3062 1 3545
3063 1 3536
3064 1 3533
3065 1 3533
3065 1 3536
3066 1 3529
3066 1 3542
3067 1 3536
3067 1 3542
3068 1 3533
3068 1 3542
3069 1 3536
3070 1 3536
3071 1 3536
3071 1 3539
3072 1 3530
3072 1 3536
3072 1 3544
3073 1 3533
3074 1 3543
3074 1 3544
3075 1 3536
3076 1 3533
3076 1 3537
3077 1 3536
3077 1 3546
3078 1 3536
3079 1 3536
3080 1 3530
3080 1 3536
3081 1 3536
3081 1 3543
3082 1 3533
3083 1 3543
3083 1 3544
3084 1 3536
3084 1 3542
3085 1 3539
3085 1 3541
3085 1 3544
3086 1 3533
3086 1 3536
3087 1 3536
3088 1 3530
3088 1 3537
3088 1 3542
3089 1 3536
3090 1 3533
3091 1 3536
3092 1 3531
3092 1 3532
3093 1 3544
3094 1 3543
3095 1 3546
3096 1 3539
3096 1 3543
3097 1 3530
3097 1 3537
3098 1 3539
3099 1 3533
3100 1 3530
3101 1 3530
3101 1 3546
3102 1 3533
3102 1 3536
3103 1 3536
3104 1 3533
3105 1 3536
3106 1 3539
3107 1 3533
3107 1 3536
3108 1 3533
3108 1 3542
3109 1 3536
3110 1 3536
3110 1 3543
3111 1 3533
3111 1 3536
3112 1 3544
3113 1 3533
3113 1 3536
3114 1 3533
3115 1 3546
3116 1 3536
3117 1 3536
3117 1 3544
3118 1 3533
3119 1 3536
3119 1 3542
3120 1 3536
3120 1 3544
3121 1 3536
3122 1 3533
3123 1 3533
3123 1 3542
3124 1 3534
3124 1 3536
3125 1 3536
3125 1 3544
3126 1 3529
3126 1 3545
3127 1 3533
3128 1 3533
3128 1 3534
3128 1 3536
3129 1 3536
3130 1 3529
3130 1 3544
3131 1 3533
3131 1 3542
3132 1 3533
3133 1 3533
3133 1 3536
3134 1 3529
3134 1 3543
3134 1 3544
3135 1 3536
3135 1 3542
3136 1 3534
3136 1 3544
3137 1 3533
3138 1 3533
3138 1 3536
3138 1 3542
3139 1 3533
3140 1 3536
3141 1 3533
3142 1 3533
3142 1 3539
3142 1 3544
3143 1 3533
3143 1 3542
3144 1 3533
3144 1 3536
3145 1 3533
3146 1 3535
3147 1 3542
3147 1 3544
3148 1 3536
3149 1 3533
3149 1 3536
3150 1 3533
3151 1 3540
3151 1 3545
3152 1 3536
3152 1 3544
3153 1 3536
3154 1 3533
3154 1 3536
3155 1 3540
3156 1 3539
3157 1 3544
3158 1 3533
3159 1 3536
3159 1 3544
3160 1 3536
3160 1 3542
3161 1 3529
3161 1 3544
3162 1 3533
3162 1 3536
3163 1 3544
3164 1 3536
3165 1 3533
3165 1 3536
3166 1 3529
3166 1 3539
3167 1 3532
3167 1 3533
3168 1 3533
3168 1 3536
3169 1 3533
3169 1 3536
3170 1 3533
3171 1 3536
3172 1 3533
3172 1 3536
3173 1 3536
3174 1 3536
3175 1 3539
3175 1 3543
3176 1 3539
3176 1 3543
3177 1 3536
3178 1 3529
3178 1 3539
3178 1 3543
3179 1 3536
3180 1 3529
3180 1 3536
3181 1 3536
3182 1 3536
3183 1 3536
3184 1 3529
3184 1 3536
3184 1 3542
3184 1 3544
3185 1 3530
3185 1 3545
3186 1 3536
3187 1 3539
3188 1 3534
3188 1 3536
3189 1 3533
3190 1 3533
3190 1 3536
3191 1 3531
3191 1 3543
3192 1 3529
3192 1 3543
3193 1 3536
3194 1 3533
3195 1 3533
3196 1 3533
3197 1 3536
3198 1 3533
3198 1 3540
3199 1 3533
3199 1 3540
3200 1 3533
3200 1 3546
3201 1 3540
3202 1 3533
3203 1 3540
3204 1 3536
3204 1 3540
3205 1 3540
3206 1 3533
3206 1 3536
3206 1 3546
3207 1 3533
3208 1 3535
3209 1 3540
3210 1 3531
3210 1 3532
3210 1 3533
3211 1 3530
3211 1 3540
3211 1 3542
3212 1 3533
3213 1 3533
3213 1 3542
3214 1 3531
3214 1 3532
3215 1 3533
3215 1 3542
3216 1 3533
3217 1 3533
3218 1 3533
3219 1 3533
3219 1 3536
3220 1 3533
3221 1 3529
3221 1 3544
3222 1 3529
3223 1 3535
3224 1 3533
3225 1 3539
3225 1 3544
3226 1 3529
3226 1 3536
3226 1 3545
3227 1 3533
3228 1 3533
3229 1 3529
3230 1 3544
3231 1 3529
3232 1 3536
3233 1 3536
3234 1 3529
3234 1 3542
3234 1 3543
3235 1 3529
3236 1 3533
3236 1 3536
3237 1 3536
3238 1 3546
3239 1 3529
3239 1 3536
3239 1 3545
3240 1 3546
3241 1 3536
3242 1 3533
3243 1 3536
3244 1 3539
3244 1 3543
3245 1 3536
3246 1 3539
3247 1 3535
3248 1 3529
3248 1 3536
3248 1 3545
3249 1 3536
3250 1 3534
3251 1 3536
3252 1 3543
3253 1 3543
3253 1 3544
3254 1 3539
3254 1 3543
3254 1 3544
3255 1 3539
3255 1 3543
3255 1 3544
3256 1 3539
3256 1 3543
3256 1 3544
3257 1 3539
3257 1 3543
3257 1 3544
3258 1 3539
3258 1 3543
3258 1 3544
3259 1 3539
3259 1 3543
3259 1 3544
3260 1 3536
3260 1 3542
3261 1 3533
3262 1 3545
3263 1 3533
3263 1 3546
3264 1 3530
3264 1 3532
3265 1 3530
3265 1 3532
3266 1 3530
3266 1 3532
3267 1 3540
3268 1 3536
3268 1 3539
3269 1 3535
3270 1 3536
3271 1 3535
3272 1 3535
3273 1 3546
3274 1 3546
3275 1 3536
3275 1 3538
3276 1 3536
3276 1 3542
3277 1 3533
3277 1 3536
3277 1 3542
3278 1 3544
3279 1 3533
3280 1 3533
3281 1 3533
3282 1 3533
3283 1 3533
3283 1 3539
3284 1 3533
3284 1 3539
3285 1 3533
3285 1 3539
3286 1 3533
3286 1 3539
3287 1 3533
3287 1 3539
3287 1 3543
3288 1 3529
3288 1 3543
3288 1 3544
3289 1 3529
3289 1 3530
3289 1 3543
3290 1 3530
3290 1 3536
3290 1 3542
3290 1 3543
3291 1 3536
3291 1 3543
3292 1 3534
3292 1 3536
3292 1 3543
3293 1 3529
3293 1 3543
3294 1 3529
3294 1 3543
3295 1 3529
3295 1 3543
3296 1 3529
3296 1 3530
3296 1 3542
3296 1 3544
3297 1 3538
3297 1 3541
3297 1 3544
3298 1 3536
3299 1 3539
3299 1 3544
3300 1 3539
3301 1 3529
3301 1 3533
3302 1 3536
3303 1 3533
3304 1 3536
3305 1 3536
3306 1 3533
3307 1 3529
3307 1 3534
3308 1 3529
3308 1 3534
3309 1 3535
3310 1 3533
3310 1 3542
3311 1 3536
3312 1 3533
3313 1 3536
3314 1 3536
3314 1 3545
3315 1 3531
3315 1 3540
3316 1 3529
3316 1 3544
3317 1 3533
3317 1 3539
3318 1 3544
3319 1 3529
3319 1 3534
3320 1 3536
3320 1 3541
3321 1 3536
3321 1 3544
3322 1 3539
3323 1 3536
3324 1 3536
3325 1 3534
3325 1 3536
3326 1 3536
3327 1 3536
3327 1 3546
3328 1 3536
3329 1 3533
3329 1 3542
3330 1 3529
3330 1 3533
3331 1 3534
3331 1 3536
3332 1 3536
3332 1 3545
3333 1 3533
3333 1 3542
3334 1 3529
3334 1 3534
3335 1 3530
3335 1 3531
3335 1 3543
3336 1 3536
3336 1 3545
3337 1 3536
3338 1 3533
3338 1 3542
3339 1 3536
3340 1 3531
3340 1 3532
3340 1 3533
3341 1 3533
3342 1 3529
3342 1 3536
3342 1 3545
3343 1 3531
3343 1 3532
3343 1 3533
3344 1 3529
3344 1 3530
3344 1 3544
3345 1 3536
3346 1 3539
3347 1 3536
3347 1 3543
3347 1 3544
3348 1 3531
3348 1 3532
3348 1 3540
3349 1 3533
3350 1 3534
3350 1 3536
3351 1 3529
3351 1 3534
3351 1 3544
3352 1 3529
3352 1 3534
3352 1 3544
3353 1 3536
3353 1 3542
3354 1 3529
3354 1 3545
3355 1 3529
3355 1 3545
3356 1 3529
3356 1 3545
3357 1 3529
3358 1 3530
3358 1 3534
3358 1 3543
3358 1 3544
3359 1 3529
3359 1 3530
3360 1 3533
3361 1 3533
3362 1 3531
3362 1 3532
3362 1 3540
3363 1 3531
3363 1 3532
3363 1 3540
3364 1 3533
3364 1 3539
3365 1 3533
3365 1 3536
3366 1 3543
3367 1 3529
3367 1 3534
3368 1 3529
3368 1 3534
3369 1 3534
3369 1 3536
3370 1 3533
3371 1 3533
3371 1 3539
3372 1 3533
3373 1 3533
3374 1 3536
3374 1 3541
3375 1 3536
3376 1 3536
3377 1 3536
3378 1 3546
3379 1 3529
3379 1 3543
3380 1 3533
3380 1 3536
3381 1 3536
3382 1 3542
3382 1 3544
3383 1 3544
3384 1 3544
3385 1 3531
3385 1 3532
3386 1 3536
3386 1 3542
3387 1 3536
3387 1 3541
3388 1 3529
3388 1 3543
3389 1 3536
3390 1 3533
3391 1 3529
3391 1 3530
3391 1 3536
3392 1 3546
3393 1 3529
3393 1 3530
3394 1 3536
3394 1 3545
3395 1 3533
3396 1 3536
3396 1 3544
3397 1 3536
3397 1 3545
3398 1 3533
3399 1 3536
3400 1 3533
3401 1 3536
3402 1 3533
3402 1 3536
3403 1 3533
3403 1 3540
3404 1 3533
3405 1 3532
3406 1 3533
3407 1 3536
3407 1 3542
3408 1 3536
3409 1 3536
3409 1 3542
3410 1 3536
3411 1 3539
3411 1 3543
3411 1 3544
3412 1 3529
3412 1 3543
3413 1 3533
3414 1 3533
3414 1 3539
3414 1 3544
3415 1 3533
3416 1 3539
3417 1 3539
3417 1 3543
3418 1 3530
3418 1 3536
3418 1 3542
3419 1 3544
3420 1 3529
3420 1 3533
3420 1 3545
3421 1 3539
3422 1 3539
3423 1 3539
3424 1 3539
3425 1 3529
3425 1 3533
3426 1 3539
3427 1 3536
3428 1 3536
3429 1 3533
3430 1 3539
3431 1 3536
3431 1 3544
3432 1 3544
3433 1 3534
3433 1 3544
3434 1 3533
3435 1 3533
3436 1 3536
3437 1 3536
3437 1 3542
3438 1 3536
3438 1 3542
3439 1 3544
3440 1 3533
3441 1 3535
3442 1 3534
3443 1 3533
3444 1 3533
3445 1 3543
3445 1 3544
3446 1 3529
3446 1 3530
3446 1 3543
3447 1 3533
3447 1 3535
3448 1 3533
3449 1 3536
3450 1 3533
3451 1 3533
3452 1 3536
3453 1 3536
3453 1 3546
3454 1 3536
3455 1 3533
3455 1 3546
3456 1 3533
3456 1 3542
3457 1 3539
3458 1 3529
3458 1 3530
3458 1 3537
3459 1 3543
3460 1 3529
3461 1 3535
3462 1 3535
3463 1 3533
3464 1 3533
3464 1 3536
3465 1 3533
3466 1 3533
3466 1 3542
3467 1 3536
3468 1 3536
3469 1 3536
3469 1 3542
3470 1 3529
3470 1 3530
3470 1 3537
3471 1 3539
3472 1 3533
3472 1 3544
3473 1 3536
3474 1 3534
3474 1 3544
3475 1 3534
3475 1 3544
3476 1 3533
3476 1 3536
3477 1 3529
3477 1 3533
3478 1 3533
3478 1 3536
3479 1 3533
3479 1 3536
3480 1 3536
3481 1 3536
3482 1 3533
3483 1 3534
3484 1 3539
3485 1 3533
3485 1 3542
3486 1 3536
3486 1 3540
3487 1 3533
3488 1 3533
3488 1 3536
3489 1 3535
3490 1 3536
3491 1 3536
3492 1 3536
3493 1 3539
3494 1 3539
3495 1 3539
3496 1 3536
3496 1 3537
3497 1 3533
3498 1 3533
3499 1 3539
3499 1 3543
3500 1 3533
3501 1 3533
3502 1 3530
3502 1 3543
3503 1 3530
3503 1 3543
3504 1 3533
3504 1 3539
3505 1 3533
3506 1 3539
3507 1 3539
3507 1 3543
3508 1 3539
3508 1 3543
3509 1 3539
3509 1 3543
3510 1 3543
3511 1 3539
3512 1 3536
3512 1 3544
3513 1 3543
3513 1 3544
3514 1 3539
3515 1 3539
3516 1 3539
3517 1 3539
3518 1 3539
3519 1 3533
3520 1 3533
3520 1 3536
3521 1 3530
3521 1 3531
3521 1 3532
3522 1 3529
3522 1 3536
3522 1 3544
3523 1 3544
3524 1 3533
3525 1 3536
3526 1 3536
3527 1 3536
3528 1 3536
3528 1 3544
0 0 6904
1 0 6789
2 0 6141
3 0 5559
4 0 4554
5 0 8213
6 0 9941
7 0 8860
8 0 8866
9 0 7978
10 0 9213
11 0 8109
12 0 9732
13 0 8608
14 0 9082
15 0 7991
16 0 3820
17 0 3742
18 0 9860
19 0 7070
20 0 4060
21 0 6998
22 0 9124
23 0 10343
24 0 8316
25 0 8605
26 0 7584
27 0 9364
28 0 7821
29 0 10558
30 0 6933
31 0 7300
32 0 6545
33 0 4621
34 0 4674
35 0 10105
36 0 9820
37 0 3817
38 0 3763
39 0 4939
40 0 9151
41 0 3664
42 0 8195
43 0 8786
44 0 5958
45 0 6767
46 0 4982
47 0 8317
48 0 8698
49 0 4378
50 0 10538
51 0 5850
52 0 6130
53 0 10292
54 0 9310
55 0 6772
56 0 8238
57 0 7878
58 0 5610
59 0 6964
60 0 9812
61 0 8666
62 0 4154
63 0 6489
64 0 5516
65 0 6383
66 0 7091
67 0 5504
68 0 9299
69 0 3801
70 0 8568
71 0 4732
72 0 8188
73 0 9859
74 0 4638
75 0 9929
76 0 9637
77 0 4302
78 0 6340
79 0 5713
80 0 7958
81 0 10103
82 0 6098
83 0 8917
84 0 9192
85 0 7326
86 0 8812
87 0 6819
88 0 6855
89 0 9809
90 0 10464
91 0 10001
92 0 6989
93 0 5056
94 0 9855
95 0 8513
96 0 6015
97 0 10462
98 0 8515
99 0 6848
100 0 5106
101 0 4757
102 0 5228
103 0 4305
104 0 9273
105 0 8112
106 0 7991
107 0 9788
108 0 4046
109 0 8412
110 0 7000
111 0 4104
112 0 5442
113 0 3789
114 0 6933
115 0 9073
116 0 10535
117 0 5879
118 0 5025
119 0 8873
120 0 8272
121 0 4377
122 0 9063
123 0 8209
124 0 10498
125 0 4802
126 0 5036
127 0 7941
128 0 5161
129 0 10014
130 0 9552
131 0 9845
132 0 8329
133 0 5310
134 0 8154
135 0 4666
136 0 9611
137 0 8327
138 0 5985
139 0 9394
140 0 8166
141 0 3561
142 0 6803
143 0 7746
144 0 6827
145 0 8726
146 0 8219
147 0 4262
148 0 9764
149 0 5605
150 0 10234
151 0 10040
152 0 9299
153 0 4424
154 0 6926
155 0 5924
156 0 4683
157 0 6666
158 0 5264
159 0 6187
160 0 4662
161 0 9277
162 0 4917
163 0 6861
164 0 7486
165 0 10161
166 0 4758
167 0 5119
168 0 3939
169 0 7383
170 0 10064
171 0 4959
172 0 3928
173 0 8146
174 0 6248
175 0 4599
176 0 4847
177 0 5937
178 0 8588
179 0 10143
180 0 9377
181 0 5066
182 0 8785
183 0 10451
184 0 7498
185 0 9362
186 0 6395
187 0 7257
188 0 6331
189 0 10467
190 0 7967
191 0 3600
192 0 4076
193 0 5761
194 0 5140
195 0 5245
196 0 3707
197 0 7381
198 0 5129
199 0 10429
200 0 8316
201 0 5917
202 0 8554
203 0 8344
204 0 9150
205 0 9976
206 0 5965
207 0 6111
208 0 8863
209 0 9893
210 0 8681
211 0 7383
212 0 6637
213 0 4056
214 0 6819
215 0 6287
216 0 9380
217 0 9995
218 0 8850
219 0 3820
220 0 3998
221 0 5705
222 0 10090
223 0 7523
224 0 4186
225 0 8928
226 0 7372
227 0 4286
228 0 4432
229 0 5975
230 0 4523
231 0 9852
232 0 8867
233 0 9023
234 0 4118
235 0 9870
236 0 6280
237 0 5649
238 0 8480
239 0 6394
240 0 6408
241 0 6272
242 0 3967
243 0 8190
244 0 4046
245 0 5795
246 0 5861
247 0 3708
248 0 7328
249 0 4540
250 0 3707
251 0 5328
252 0 8515
253 0 6391
254 0 3744
255 0 5888
256 0 9811
257 0 8504
258 0 7612
259 0 6414
260 0 8577
261 0 9108
262 0 7579
263 0 4983
264 0 5933
265 0 7826
266 0 9233
267 0 8150
268 0 8518
269 0 3645
270 0 8608
271 0 8586
272 0 7539
273 0 3880
274 0 10530
275 0 7734
276 0 8361
277 0 7082
278 0 8975
279 0 7894
280 0 3820
281 0 3939
282 0 9298
283 0 7283
284 0 8686
285 0 9527
286 0 8901
287 0 9225
288 0 7442
289 0 7442
290 0 7442
291 0 6051
292 0 5641
293 0 6020
294 0 9162
295 0 6963
296 0 7747
297 0 9375
298 0 6939
299 0 5598
300 0 4916
301 0 9613
302 0 10210
303 0 5791
304 0 5759
305 0 7311
306 0 10558
307 0 8992
308 0 5457
309 0 4970
310 0 9479
311 0 4303
312 0 6835
313 0 8891
314 0 7722
315 0 9881
316 0 8964
317 0 7498
318 0 4286
319 0 7018
320 0 6999
321 0 8354
322 0 8645
323 0 8121
324 0 10185
325 0 9797
326 0 6187
327 0 9380
328 0 10538
329 0 8929
330 0 6803
331 0 6687
332 0 9764
333 0 3691
334 0 9400
335 0 4311
336 0 9323
337 0 8327
338 0 6967
339 0 4937
340 0 4554
341 0 3787
342 0 9829
343 0 9042
344 0 9356
345 0 4121
346 0 10464
347 0 4700
348 0 9124
349 0 3655
350 0 8891
351 0 9394
352 0 4095
353 0 6848
354 0 5218
355 0 9223
356 0 4825
357 0 6449
358 0 9403
359 0 8866
360 0 6364
361 0 7748
362 0 8329
363 0 7523
364 0 4850
365 0 9907
366 0 6574
367 0 7291
369 0 9088
370 0 9469
371 0 5240
372 0 4950
373 0 9871
374 0 10420
375 0 8788
376 0 10372
377 0 10051
378 0 8791
379 0 6601
380 0 3796
381 0 8172
382 0 6835
383 0 6867
384 0 6588
385 0 4060
386 0 10079
387 0 7991
388 0 8207
389 0 8762
390 0 6819
391 0 7031
392 0 10468
394 0 8812
395 0 6900
396 0 4461
397 0 8150
398 0 9813
399 0 10498
400 0 10231
401 0 3561
402 0 6616
403 0 9247
404 0 3574
405 0 6988
406 0 4294
407 0 8789
408 0 8296
409 0 9082
410 0 9839
411 0 9166
412 0 8244
413 0 5925
414 0 3561
415 0 6272
416 0 9150
417 0 7835
418 0 4347
419 0 5958
420 0 4426
421 0 7192
422 0 5218
423 0 8898
424 0 9479
425 0 3675
426 0 9854
427 0 6896
428 0 4060
429 0 9941
430 0 9734
431 0 4211
432 0 3789
433 0 10429
434 0 9362
435 0 6141
436 0 9427
437 0 4345
438 0 9715
439 0 6989
440 0 8608
441 0 6696
442 0 7135
443 0 4684
444 0 4179
445 0 5438
446 0 6801
447 0 6398
448 0 4902
449 0 10530
450 0 6726
451 0 8069
452 0 4302
453 0 4056
454 0 9813
455 0 9882
456 0 5172
457 0 9357
458 0 9881
459 0 4903
460 0 6926
461 0 6399
462 0 9734
463 0 4974
464 0 9108
465 0 6015
466 0 8112
467 0 10538
468 0 3664
469 0 9891
470 0 8435
471 0 10179
472 0 7338
473 0 8315
474 0 3922
475 0 4599
476 0 8323
477 0 4666
478 0 8256
479 0 7978
480 0 9213
481 0 9513
482 0 4757
483 0 7025
484 0 6455
485 0 6967
486 0 5036
487 0 9895
488 0 8115
489 0 10001
490 0 6394
491 0 8813
492 0 8918
493 0 3651
494 0 5639
495 0 8109
496 0 8878
497 0 5767
498 0 10341
499 0 4959
500 0 10097
501 0 4836
502 0 9882
503 0 8244
504 0 9887
505 0 4620
506 0 3600
507 0 6985
508 0 9473
509 0 9105
510 0 9225
511 0 5862
512 0 6855
513 0 5649
514 0 8577
515 0 8929
516 0 9192
517 0 9862
518 0 10079
519 0 9441
520 0 3870
521 0 5457
522 0 5122
523 0 5627
524 0 3791
525 0 6102
526 0 9812
527 0 5803
528 0 6116
529 0 10234
530 0 4612
531 0 8938
532 0 8953
533 0 6650
534 0 6623
535 0 8782
536 0 10147
537 0 4727
538 0 5112
539 0 5952
540 0 4881
541 0 8803
542 0 5955
543 0 3800
544 0 10612
545 0 4610
546 0 5490
547 0 7628
548 0 5025
549 0 8812
550 0 5801
551 0 7594
552 0 8152
553 0 9207
554 0 8446
555 0 8022
556 0 4139
557 0 4599
558 0 6666
559 0 9389
560 0 6364
561 0 7362
562 0 10090
563 0 7025
564 0 10494
565 0 5731
566 0 8584
567 0 5705
568 0 10571
569 0 9525
570 0 4400
571 0 6523
572 0 9533
573 0 8195
574 0 4157
575 0 6801
576 0 5031
577 0 5831
578 0 7388
579 0 8048
580 0 5591
581 0 3854
582 0 5587
583 0 10534
584 0 4887
585 0 5540
586 0 4161
587 0 3809
588 0 10325
589 0 8308
590 0 7986
591 0 9774
592 0 5930
593 0 4371
594 0 7491
595 0 7328
596 0 5987
597 0 9159
598 0 7032
599 0 10108
600 0 9764
601 0 6631
602 0 4736
603 0 5328
604 0 4294
605 0 5674
606 0 8808
607 0 8667
608 0 9206
609 0 9862
610 0 9084
611 0 6102
612 0 6383
613 0 7311
614 0 8756
615 0 5410
616 0 4210
617 0 3648
618 0 9587
619 0 9587
620 0 9587
621 0 6719
622 0 6798
623 0 9371
624 0 5790
625 0 8901
626 0 6551
627 0 4125
628 0 8308
629 0 9021
630 0 8158
631 0 9734
632 0 9108
633 0 8579
634 0 9281
635 0 8683
636 0 8264
637 0 9867
638 0 8715
639 0 9888
640 0 6839
641 0 4327
642 0 7924
643 0 9848
644 0 7539
645 0 8207
646 0 5809
647 0 10158
648 0 3656
649 0 3829
650 0 6715
651 0 6557
652 0 6302
653 0 7815
654 0 6554
655 0 6020
656 0 8523
657 0 4288
658 0 3791
659 0 9073
660 0 4345
661 0 6964
662 0 9827
663 0 8911
664 0 7487
665 0 8375
666 0 6043
667 0 8282
668 0 6449
669 0 4994
670 0 7810
671 0 10167
672 0 9182
673 0 8523
674 0 3562
675 0 6900
676 0 5050
677 0 9322
678 0 9786
679 0 5967
680 0 6896
681 0 7369
682 0 10344
683 0 6082
684 0 10535
685 0 9746
686 0 5670
687 0 7073
688 0 7366
689 0 3787
690 0 6404
691 0 5580
692 0 8007
693 0 4547
694 0 4613
695 0 8421
696 0 5734
697 0 5524
698 0 10349
699 0 4916
700 0 9621
701 0 9375
702 0 4121
703 0 10234
704 0 5731
705 0 4095
706 0 4232
707 0 4700
708 0 9137
709 0 10185
710 0 5585
711 0 10548
712 0 5973
713 0 5979
714 0 4676
715 0 9206
716 0 8867
717 0 6963
718 0 4335
719 0 7018
720 0 8535
721 0 5310
722 0 6803
723 0 8172
724 0 5686
725 0 5635
726 0 7367
727 0 8762
728 0 9953
729 0 6144
730 0 6341
731 0 3957
732 0 7746
733 0 10617
734 0 8892
735 0 9839
736 0 6942
737 0 6172
738 0 8545
739 0 9394
740 0 6039
741 0 3894
742 0 3789
743 0 4920
744 0 5246
745 0 10102
746 0 6037
747 0 5826
748 0 5857
750 0 5985
751 0 7531
752 0 6835
753 0 3837
754 0 7131
755 0 9400
756 0 5192
757 0 7295
758 0 5580
759 0 9953
760 0 9788
761 0 7662
762 0 5544
763 0 10179
764 0 7470
765 0 3983
766 0 9225
767 0 4666
768 0 10101
769 0 6275
770 0 9787
771 0 6721
772 0 7218
773 0 8866
774 0 6862
775 0 5014
776 0 5002
777 0 8586
778 0 5457
779 0 8519
780 0 9443
781 0 6781
782 0 10261
783 0 7303
784 0 3809
785 0 9534
786 0 5778
787 0 9781
788 0 10377
789 0 9783
790 0 4204
791 0 3712
792 0 3712
793 0 5595
794 0 5778
795 0 7947
796 0 3712
797 0 4194
798 0 4194
799 0 9783
800 0 8179
801 0 6894
802 0 5778
803 0 4194
804 0 10524
805 0 10431
806 0 10377
807 0 10336
808 0 10337
809 0 9108
810 0 10288
811 0 8628
812 0 9786
813 0 8376
814 0 7067
815 0 5778
816 0 3712
817 0 3712
818 0 3712
819 0 3712
820 0 7559
821 0 3712
822 0 10377
823 0 10377
824 0 5461
825 0 4194
826 0 10376
827 0 10377
828 0 8178
829 0 9439
830 0 8638
831 0 7067
832 0 5595
833 0 7947
834 0 5461
835 0 5932
836 0 5817
837 0 5351
838 0 10416
839 0 6145
840 0 8147
841 0 5595
842 0 5595
843 0 6145
844 0 5817
845 0 10345
846 0 10487
847 0 6844
848 0 3953
849 0 6844
850 0 4391
851 0 6101
852 0 6380
853 0 3712
854 0 7605
855 0 6146
856 0 5768
857 0 6894
858 0 6894
859 0 9114
860 0 9114
861 0 5595
862 0 6844
863 0 5593
864 0 7052
865 0 4972
866 0 4939
867 0 7085
868 0 9167
869 0 3736
870 0 4472
871 0 7474
872 0 3744
873 0 7073
874 0 9195
875 0 8480
876 0 3764
877 0 8055
878 0 4411
879 0 10429
880 0 9280
881 0 5504
882 0 6885
883 0 9058
884 0 6982
885 0 8150
886 0 6874
887 0 9275
888 0 6383
889 0 8590
890 0 8585
891 0 6888
892 0 9309
893 0 9309
894 0 9309
895 0 5045
896 0 5045
897 0 5261
898 0 4519
899 0 7320
900 0 9309
901 0 9132
902 0 7018
903 0 10495
904 0 4764
905 0 10531
906 0 8583
907 0 10532
908 0 6016
909 0 7381
910 0 9309
911 0 9544
912 0 5188
913 0 9308
914 0 4764
915 0 9998
916 0 8053
917 0 9318
918 0 6926
919 0 4286
920 0 8514
921 0 6204
922 0 4674
923 0 8323
924 0 10165
925 0 8237
926 0 6394
927 0 6114
928 0 9082
929 0 9813
930 0 3624
931 0 9842
932 0 6925
933 0 9764
934 0 5803
935 0 8264
936 0 10538
937 0 7562
938 0 4071
939 0 5239
940 0 4056
941 0 9617
942 0 9957
943 0 7947
944 0 5817
945 0 5315
946 0 5315
947 0 3553
948 0 8116
949 0 6294
950 0 10538
951 0 10538
952 0 4528
953 0 10035
954 0 4204
955 0 8244
956 0 4204
957 0 3987
958 0 6971
959 0 3712
960 0 5678
961 0 5402
962 0 8975
963 0 8608
964 0 10002
965 0 8785
966 0 9038
967 0 8480
968 0 6383
969 0 3644
970 0 9882
971 0 5329
972 0 10234
973 0 10234
974 0 8173
975 0 8507
976 0 5351
977 0 5922
978 0 4733
979 0 3657
980 0 5218
981 0 3561
982 0 4109
983 0 7829
984 0 8838
985 0 8349
986 0 9101
987 0 8981
988 0 7943
989 0 4204
990 0 3996
991 0 6364
992 0 6835
993 0 6835
994 0 6784
995 0 4727
996 0 4727
997 0 6150
998 0 10031
999 0 9468
1000 0 9673
1001 0 9924
1002 0 7561
1003 0 8523
1004 0 6551
1005 0 4910
1006 0 6447
1007 0 3713
1008 0 3920
1009 0 3920
1010 0 7559
1011 0 10407
1012 0 8878
1013 0 7996
1015 0 5705
1016 0 5439
1017 0 4031
1018 0 10105
1019 0 5879
1020 0 8857
1021 0 4410
1022 0 7821
1023 0 7443
1024 0 8327
1025 0 9786
1026 0 9809
1027 0 8836
1028 0 10002
1029 0 3922
1030 0 5693
1031 0 6726
1032 0 9881
1033 0 6963
1034 0 4071
1035 0 5464
1036 0 8803
1037 0 3675
1038 0 6604
1039 0 8349
1040 0 7712
1041 0 6242
1042 0 9213
1043 0 9882
1044 0 10033
1045 0 6364
1046 0 9658
1047 0 4367
1048 0 9715
1049 0 5003
1050 0 8488
1051 0 9786
1052 0 9289
1053 0 5580
1054 0 9658
1055 0 9153
1056 0 10525
1057 0 4449
1058 0 7991
1059 0 9192
1060 0 9527
1061 0 7734
1062 0 3615
1063 0 6989
1064 0 3712
1065 0 6900
1066 0 5580
1067 0 9786
1068 0 6182
1069 0 7338
1070 0 8349
1071 0 6859
1072 0 9658
1073 0 7991
1074 0 10538
1075 0 8918
1076 0 3785
1077 0 10530
1078 0 5807
1079 0 5984
1080 0 5985
1081 0 6229
1082 0 4164
1083 0 6364
1084 0 8867
1085 0 5328
1086 0 10188
1087 0 10538
1088 0 6801
1089 0 8898
1090 0 8329
1091 0 8628
1092 0 7734
1093 0 5003
1094 0 5525
1095 0 9380
1096 0 9318
1097 0 6894
1098 0 8867
1099 0 7559
1100 0 9591
1101 0 9786
1102 0 9213
1103 0 5673
1104 0 9527
1105 0 6972
1106 0 8170
1107 0 6546
1108 0 6020
1109 0 4757
1110 0 6863
1111 0 3737
1112 0 5595
1113 0 9323
1114 0 6999
1115 0 5623
1116 0 6715
1117 0 7275
1118 0 9473
1119 0 9896
1120 0 6557
1121 0 8109
1122 0 6715
1123 0 10558
1124 0 4525
1125 0 6353
1126 0 5656
1127 0 6145
1128 0 8207
1129 0 6571
1130 0 10524
1131 0 9213
1132 0 5893
1133 0 6141
1134 0 9882
1135 0 5984
1136 0 9105
1137 0 9225
1138 0 8918
1139 0 6394
1140 0 7967
1141 0 3651
1142 0 9377
1143 0 7498
1144 0 5645
1145 0 8905
1146 0 6894
1147 0 5807
1148 0 10525
1149 0 10525
1150 0 9213
1151 0 5242
1152 0 9922
1153 0 7485
1154 0 3881
1155 0 6106
1156 0 4982
1157 0 6900
1158 0 9132
1159 0 6932
1160 0 4851
1161 0 9896
1162 0 10154
1163 0 8764
1164 0 5651
1165 0 9318
1166 0 6964
1167 0 3712
1168 0 6243
1169 0 6592
1170 0 5439
1171 0 9318
1172 0 5578
1173 0 6427
1174 0 4860
1175 0 4118
1176 0 7991
1177 0 6278
1178 0 4294
1179 0 8777
1180 0 10464
1181 0 5506
1183 0 9124
1184 0 7099
1185 0 7386
1186 0 4048
1187 0 7497
1188 0 8599
1189 0 7027
1190 0 9610
1191 0 4181
1192 0 4311
1193 0 8276
1194 0 6777
1195 0 10393
1196 0 8813
1197 0 6006
1198 0 8687
1199 0 8504
1200 0 9812
1201 0 4711
1202 0 9082
1203 0 9318
1204 0 8506
1205 0 10519
1206 0 8506
1207 0 7568
1208 0 7568
1209 0 10090
1210 0 4666
1211 0 5761
1212 0 9021
1213 0 8691
1214 0 5264
1215 0 4896
1216 0 3789
1217 0 9882
1218 0 6571
1219 0 6773
1220 0 8891
1221 0 10090
1222 0 3700
1223 0 4406
1224 0 6801
1225 0 4056
1226 0 8905
1227 0 3844
1228 0 9105
1229 0 6665
1230 0 9213
1231 0 9715
1232 0 5763
1233 0 8784
1234 0 10464
1235 0 8213
1236 0 8577
1237 0 9262
1238 0 7338
1239 0 10030
1240 0 4865
1241 0 3660
1242 0 3809
1243 0 3651
1244 0 6455
1245 0 8532
1246 0 8419
1247 0 8758
1248 0 5264
1249 0 8841
1250 0 9320
1251 0 5801
1252 0 9236
1253 0 8246
1254 0 9787
1255 0 5106
1256 0 10065
1257 0 6785
1258 0 4150
1259 0 9878
1260 0 3788
1261 0 9362
1262 0 8824
1263 0 5274
1264 0 6631
1265 0 9852
1266 0 10210
1267 0 4379
1268 0 6448
1269 0 10411
1270 0 4673
1271 0 9651
1272 0 7326
1273 0 9150
1274 0 4811
1275 0 8763
1276 0 3817
1277 0 8777
1278 0 4757
1279 0 4228
1280 0 9816
1281 0 4426
1282 0 5008
1283 0 6967
1284 0 8327
1285 0 6588
1286 0 8895
1287 0 7912
1288 0 6896
1289 0 9976
1291 0 8361
1292 0 4139
1293 0 10052
1294 0 8929
1295 0 4179
1296 0 9809
1297 0 4974
1298 0 5921
1299 0 10185
1300 0 9378
1301 0 5933
1302 0 3644
1303 0 7914
1304 0 9312
1305 0 5417
1306 0 9023
1307 0 9710
1308 0 4118
1309 0 6011
1310 0 8681
1311 0 7747
1312 0 5770
1313 0 7590
1314 0 7769
1315 0 10183
1316 0 3829
1317 0 4345
1318 0 6308
1319 0 3692
1320 0 8438
1321 0 5016
1322 0 7192
1323 0 8296
1324 0 8844
1325 0 6515
1326 0 7033
1327 0 5927
1328 0 4909
1329 0 8382
1330 0 7392
1331 0 9409
1332 0 6272
1333 0 7734
1334 0 5924
1335 0 7356
1336 0 4159
1337 0 3603
1338 0 6792
1339 0 8029
1340 0 7352
1341 0 5943
1342 0 7918
1343 0 4988
1344 0 9882
1345 0 6332
1346 0 9881
1347 0 5252
1348 0 4718
1349 0 7032
1350 0 4461
1351 0 9733
1352 0 7117
1353 0 8857
1354 0 7464
1355 0 6449
1356 0 4875
1357 0 6803
1358 0 5546
1359 0 8789
1360 0 6729
1361 0 9389
1362 0 9815
1363 0 8645
1364 0 9699
1365 0 4838
1366 0 6551
1367 0 6989
1368 0 5442
1369 0 8388
1370 0 4060
1371 0 7967
1372 0 10495
1373 0 8244
1374 0 9323
1375 0 9701
1376 0 9192
1377 0 6930
1378 0 9533
1379 0 6404
1380 0 8786
1381 0 7906
1382 0 4546
1383 0 5888
1384 0 8481
1385 0 9526
1386 0 8323
1387 0 9124
1388 0 4046
1389 0 7339
1390 0 8514
1391 0 4162
1392 0 3812
1393 0 5952
1394 0 4287
1395 0 7835
1396 0 6934
1397 0 10530
1398 0 10114
1399 0 6926
1400 0 5958
1401 0 10237
1402 0 8301
1403 0 5610
1404 0 7539
1405 0 8352
1406 0 4825
1407 0 6545
1408 0 5713
1409 0 5818
1410 0 9272
1411 0 6767
1412 0 4982
1413 0 5683
1414 0 8608
1415 0 7924
1416 0 4638
1417 0 7304
1418 0 10341
1419 0 3820
1420 0 5736
1421 0 7383
1422 0 7654
1423 0 8833
1424 0 8312
1425 0 6917
1426 0 6709
1427 0 9995
1429 0 3818
1430 0 7951
1431 0 5464
1432 0 3600
1433 0 5965
1434 0 6715
1435 0 3797
1436 0 4555
1437 0 6781
1438 0 4076
1439 0 6935
1440 0 4916
1441 0 8407
1442 0 7227
1443 0 6572
1444 0 6716
1445 0 6272
1446 0 4711
1447 0 8115
1448 0 9250
1449 0 4796
1450 0 8316
1451 0 9513
1452 0 8264
1453 0 7020
1454 0 5580
1455 0 8781
1456 0 8898
1457 0 6819
1458 0 8785
1459 0 9715
1460 0 10451
1461 0 3695
1462 0 8864
1463 0 6949
1464 0 8898
1465 0 6187
1466 0 7958
1467 0 4191
1468 0 6999
1469 0 8166
1470 0 5186
1471 0 6998
1472 0 6561
1474 0 9882
1475 0 9253
1476 0 3601
1477 0 9630
1478 0 8480
1479 0 10538
1480 0 7579
1481 0 4379
1482 0 5958
1483 0 9005
1484 0 4757
1485 0 5905
1486 0 4708
1487 0 10464
1488 0 9354
1489 0 3998
1490 0 6364
1491 0 9370
1492 0 9135
1493 0 7362
1494 0 9298
1495 0 3653
1496 0 8975
1497 0 7991
1498 0 9788
1499 0 6801
1500 0 3655
1501 0 3627
1502 0 3708
1503 0 9633
1504 0 7047
1505 0 7060
1506 0 5067
1507 0 8812
1508 0 4056
1509 0 3691
1510 0 6855
1511 0 7812
1512 0 8309
1513 0 9976
1514 0 5930
1515 0 9792
1516 0 5922
1517 0 7965
1518 0 4371
1519 0 4228
1520 0 9829
1521 0 4560
1522 0 3933
1523 0 8238
1524 0 7935
1525 0 6900
1526 0 9699
1527 0 5596
1528 0 4056
1529 0 8233
1530 0 9327
1531 0 10407
1532 0 6398
1533 0 3561
1534 0 8558
1535 0 6963
1536 0 9233
1538 0 9797
1539 0 9145
1540 0 7047
1541 0 10595
1542 0 4966
1543 0 7024
1544 0 8881
1545 0 9024
1546 0 9150
1547 0 6925
1548 0 6956
1549 0 6933
1550 0 9964
1551 0 8329
1552 0 4218
1553 0 7772
1554 0 4211
1555 0 6423
1556 0 5310
1557 0 8504
1558 0 9840
1559 0 9811
1561 0 9848
1562 0 8219
1563 0 10451
1564 0 7132
1565 0 9813
1566 0 4807
1567 0 6015
1568 0 5010
1569 0 4262
1570 0 10468
1571 0 6141
1572 0 8207
1573 0 9764
1574 0 9225
1575 0 8518
1576 0 8803
1577 0 6347
1578 0 5725
1579 0 8860
1580 0 3912
1581 0 7148
1582 0 4976
1583 0 3983
1584 0 5238
1585 0 10144
1586 0 8513
1587 0 10161
1588 0 9543
1589 0 3558
1590 0 8334
1591 0 8972
1592 0 8878
1593 0 6983
1594 0 7488
1595 0 4032
1596 0 7421
1597 0 4427
1598 0 7367
1599 0 10100
1600 0 7572
1601 0 8264
1602 0 4179
1603 0 6381
1604 0 6694
1605 0 8352
1606 0 9354
1607 0 4847
1608 0 10060
1609 0 6855
1610 0 5666
1611 0 9375
1612 0 10445
1613 0 10033
1614 0 5201
1615 0 8214
1616 0 4673
1617 0 5559
1618 0 5451
1619 0 3945
1620 0 9616
1621 0 3789
1622 0 4459
1623 0 6272
1624 0 6031
1625 0 5127
1626 0 7659
1627 0 5004
1628 0 7521
1629 0 7801
1630 0 10098
1631 0 10084
1632 0 4692
1633 0 5985
1634 0 8568
1635 0 10212
1637 0 8647
1638 0 4139
1639 0 9881
1640 0 8898
1641 0 4604
1642 0 7814
1643 0 10364
1644 0 8154
1645 0 9124
1646 0 4847
1647 0 6784
1648 0 4940
1649 0 9921
1650 0 4232
1651 0 5314
1652 0 10485
1653 0 6024
1654 0 7605
1655 0 10465
1656 0 5298
1657 0 5602
1658 0 5602
1659 0 9322
1660 0 10496
1661 0 5595
1662 0 6859
1663 0 10524
1664 0 7559
1665 0 4194
1666 0 10524
1667 0 5351
1668 0 7515
1669 0 9300
1670 0 4501
1671 0 5656
1672 0 5351
1673 0 5090
1674 0 6645
1675 0 10231
1676 0 5656
1677 0 8586
1678 0 4449
1679 0 6964
1680 0 10498
1681 0 6867
1682 0 9233
1683 0 9298
1684 0 6163
1685 0 6398
1686 0 9941
1687 0 4121
1688 0 4056
1689 0 4345
1690 0 10538
1691 0 3644
1692 0 3685
1693 0 10468
1694 0 6713
1695 0 6891
1696 0 6315
1697 0 4700
1698 0 9082
1699 0 9813
1700 0 8992
1701 0 9638
1702 0 9859
1703 0 9859
1704 0 7074
1705 0 4930
1706 0 10173
1707 0 6834
1708 0 9208
1709 0 6835
1710 0 9185
1711 0 10202
1712 0 5264
1713 0 5177
1714 0 8751
1715 0 4365
1716 0 4748
1717 0 10167
1718 0 6899
1719 0 6288
1720 0 10131
1721 0 4302
1722 0 5727
1723 0 10498
1724 0 6826
1725 0 10512
1726 0 9124
1727 0 9124
1728 0 9124
1729 0 6784
1730 0 6784
1731 0 9124
1732 0 7978
1733 0 10054
1734 0 8224
1735 0 9132
1736 0 5673
1737 0 9323
1738 0 9323
1739 0 9406
1740 0 7951
1741 0 9309
1742 0 10369
1743 0 6296
1744 0 6352
1745 0 3615
1746 0 9809
1747 0 5008
1748 0 7991
1749 0 5580
1750 0 8256
1751 0 3585
1752 0 5023
1753 0 6696
1754 0 9882
1755 0 10203
1756 0 10369
1757 0 9236
1758 0 9999
1759 0 5723
1760 0 9309
1761 0 9467
1762 0 8590
1763 0 8590
1764 0 9236
1765 0 4542
1766 0 9533
1767 0 9309
1768 0 9872
1769 0 8309
1770 0 9021
1771 0 9309
1772 0 9388
1773 0 8590
1774 0 10369
1775 0 10369
1776 0 7344
1777 0 9021
1778 0 6789
1779 0 9236
1780 0 9309
1781 0 5551
1782 0 5504
1783 0 8442
1784 0 5054
1785 0 9574
1786 0 9555
1787 0 4109
1788 0 8219
1789 0 10538
1790 0 6335
1791 0 5003
1792 0 6229
1793 0 8876
1794 0 4345
1795 0 9370
1796 0 6784
1797 0 7381
1798 0 7623
1799 0 6266
1800 0 5008
1801 0 6636
1802 0 10534
1803 0 9309
1804 0 4764
1805 0 9389
1806 0 9812
1807 0 4305
1808 0 7344
1809 0 9812
1810 0 8928
1811 0 4764
1812 0 9225
1813 0 6086
1814 0 6912
1815 0 6888
1816 0 10135
1817 0 10435
1818 0 6789
1819 0 9309
1820 0 7578
1821 0 6294
1822 0 9309
1823 0 6040
1824 0 9394
1825 0 10543
1826 0 10284
1827 0 6631
1828 0 10097
1829 0 9874
1830 0 10065
1831 0 9859
1832 0 8296
1833 0 4426
1834 0 4426
1835 0 4426
1836 0 7523
1837 0 9014
1838 0 5580
1839 0 9882
1840 0 9007
1841 0 4594
1842 0 4974
1843 0 9817
1844 0 5635
1845 0 7606
1846 0 5672
1847 0 5185
1848 0 4060
1849 0 3817
1850 0 4294
1851 0 6674
1852 0 6877
1853 0 10291
1854 0 7722
1855 0 6229
1856 0 8329
1857 0 4599
1858 0 6891
1859 0 9132
1860 0 6656
1861 0 4549
1862 0 7990
1863 0 5187
1864 0 6711
1865 0 5187
1866 0 8914
1867 0 9192
1868 0 6891
1869 0 6141
1870 0 6803
1871 0 8168
1872 0 4446
1873 0 5478
1874 0 6443
1875 0 6443
1876 0 9154
1877 0 4766
1878 0 7382
1880 0 8970
1881 0 4149
1882 0 4699
1883 0 8918
1884 0 9380
1885 0 10530
1886 0 5801
1887 0 6850
1888 0 8855
1889 0 8481
1890 0 7070
1891 0 9826
1892 0 9020
1893 0 3638
1894 0 8682
1895 0 4251
1896 0 9575
1897 0 10375
1898 0 10090
1899 0 6098
1900 0 3712
1901 0 3712
1902 0 3712
1903 0 3712
1904 0 3712
1905 0 3712
1906 0 3712
1907 0 3712
1908 0 3712
1909 0 3712
1910 0 3712
1911 0 3712
1912 0 7913
1913 0 4174
1914 0 5933
1915 0 9234
1916 0 5630
1917 0 9394
1918 0 4294
1919 0 4226
1920 0 10271
1921 0 10510
1922 0 6204
1923 0 3712
1924 0 3712
1925 0 3712
1926 0 3712
1927 0 3712
1928 0 3712
1929 0 3712
1930 0 3712
1931 0 3712
1932 0 3712
1933 0 3712
1934 0 3712
1935 0 7926
1936 0 3712
1937 0 3712
1938 0 3712
1939 0 5027
1940 0 6848
1941 0 10378
1942 0 7948
1943 0 9311
1944 0 7628
1945 0 5969
1946 0 10213
1947 0 7604
1948 0 9021
1949 0 6398
1950 0 9968
1951 0 8329
1952 0 8681
1953 0 7025
1954 0 4406
1955 0 6111
1956 0 8731
1957 0 8893
1958 0 9809
1959 0 4056
1960 0 5705
1961 0 4517
1962 0 6662
1963 0 9713
1964 0 9783
1965 0 5404
1966 0 9591
1967 0 5328
1968 0 4428
1969 0 8480
1970 0 4858
1971 0 10034
1972 0 3655
1973 0 9213
1974 0 3585
1975 0 5051
1976 0 4424
1977 0 4287
1978 0 7473
1979 0 6394
1980 0 6863
1981 0 6436
1982 0 4977
1983 0 10001
1984 0 6985
1985 0 4121
1986 0 9686
1987 0 7644
1988 0 8945
1989 0 5898
1990 0 6835
1991 0 9225
1992 0 10538
1993 0 10090
1994 0 6489
1995 0 9927
1996 0 5431
1997 0 9790
1998 0 6861
1999 0 10375
2000 0 4529
2001 0 8109
2002 0 8109
2003 0 7032
2004 0 9225
2005 0 6921
2006 0 7823
2007 0 9812
2008 0 4371
2009 0 9791
2010 0 8836
2011 0 8866
2012 0 9020
2013 0 5008
2014 0 7025
2015 0 9409
2016 0 5943
2017 0 5493
2018 0 10147
2019 0 4378
2020 0 5726
2021 0 8786
2022 0 4107
2023 0 9329
2024 0 10264
2025 0 9056
2026 0 6881
2027 0 6835
2028 0 10223
2030 0 9146
2031 0 6183
2032 0 4157
2033 0 5328
2034 0 5596
2035 0 9686
2036 0 10143
2037 0 4917
2038 0 3957
2039 0 7977
2040 0 8681
2041 0 4361
2042 0 3784
2043 0 5482
2044 0 4376
2045 0 9896
2046 0 3685
2047 0 8480
2048 0 6370
2049 0 5525
2050 0 7523
2051 0 10234
2052 0 6213
2053 0 6902
2054 0 10538
2055 0 10437
2056 0 8963
2057 0 7420
2058 0 8249
2059 0 6985
2060 0 5314
2061 0 6262
2062 0 7460
2063 0 6262
2064 0 8133
2065 0 6876
2066 0 6875
2067 0 9919
2068 0 6827
2069 0 8244
2070 0 8244
2071 0 9132
2072 0 9394
2073 0 9108
2074 0 6872
2075 0 10131
2076 0 6172
2077 0 6660
2078 0 6661
2079 0 6706
2080 0 3650
2081 0 8829
2082 0 5801
2083 0 5066
2085 0 8826
2086 0 5541
2087 0 5958
2088 0 7918
2089 0 9527
2090 0 10270
2091 0 7027
2092 0 4274
2093 0 10462
2094 0 6917
2095 0 5889
2096 0 5811
2097 0 6571
2098 0 6847
2099 0 4757
2100 0 5803
2101 0 10002
2102 0 8873
2103 0 7606
2104 0 9323
2105 0 9394
2106 0 4903
2107 0 9943
2108 0 9943
2109 0 9943
2110 0 6867
2111 0 7032
2112 0 4056
2113 0 6298
2114 0 3649
2115 0 8329
2116 0 5705
2117 0 9280
2118 0 6867
2119 0 6867
2120 0 4148
2121 0 6631
2122 0 8577
2123 0 6827
2124 0 8745
2125 0 10027
2126 0 9299
2127 0 9403
2128 0 5455
2129 0 10185
2130 0 4599
2131 0 9887
2132 0 8094
2133 0 3907
2134 0 5591
2135 0 4303
2136 0 6283
2137 0 8777
2138 0 7486
2139 0 9809
2140 0 3775
2141 0 10481
2142 0 5682
2143 0 6248
2144 0 8480
2145 0 4314
2146 0 6828
2147 0 9344
2148 0 10482
2149 0 10083
2150 0 10083
2151 0 8515
2152 0 7449
2153 0 4974
2154 0 4632
2155 0 8866
2156 0 7927
2157 0 10131
2158 0 10131
2159 0 6579
2160 0 4307
2161 0 6695
2162 0 4546
2163 0 10464
2164 0 5884
2165 0 6545
2166 0 8813
2167 0 5580
2168 0 8847
2169 0 6843
2170 0 6586
2171 0 9859
2172 0 7991
2173 0 6863
2174 0 4757
2175 0 6278
2176 0 6900
2177 0 9715
2178 0 3878
2179 0 7328
2180 0 4302
2181 0 10611
2182 0 9265
2183 0 6780
2184 0 8236
2185 0 4304
2186 0 7949
2187 0 8423
2188 0 7073
2189 0 6410
2190 0 9086
2191 0 6172
2192 0 7748
2193 0 5218
2194 0 7126
2195 0 4942
2196 0 6789
2197 0 8322
2198 0 4730
2199 0 9198
2200 0 6803
2201 0 5705
2202 0 3655
2203 0 8180
2204 0 3643
2205 0 9225
2207 0 8010
2208 0 8010
2209 0 5030
2210 0 6372
2211 0 6835
2212 0 9394
2213 0 10508
2214 0 5810
2215 0 6316
2216 0 6654
2217 0 6390
2218 0 6876
2219 0 7606
2220 0 9406
2221 0 8175
2222 0 8148
2223 0 5623
2224 0 10004
2225 0 6278
2226 0 6278
2227 0 5207
2228 0 7942
2229 0 5007
2230 0 6247
2231 0 8058
2232 0 6020
2233 0 6383
2234 0 9363
2235 0 5969
2236 0 3567
2237 0 4109
2238 0 8644
2239 0 10292
2240 0 7276
2241 0 4626
2242 0 9318
2243 0 4974
2244 0 4212
2245 0 10529
2246 0 3937
2247 0 4214
2248 0 5733
2249 0 4335
2250 0 9162
2251 0 3939
2252 0 4757
2253 0 7273
2254 0 10432
2255 0 8078
2256 0 9394
2257 0 9617
2258 0 9523
2259 0 10222
2260 0 5864
2261 0 5856
2262 0 4439
2263 0 9533
2264 0 5449
2265 0 8920
2266 0 6118
2267 0 4685
2268 0 5239
2269 0 9005
2270 0 9194
2271 0 9225
2272 0 7169
2273 0 9377
2274 0 10001
2275 0 5787
2276 0 5862
2277 0 5022
2278 0 3674
2279 0 6409
2280 0 6588
2281 0 8327
2282 0 3700
2283 0 4974
2284 0 6129
2285 0 6998
2286 0 9350
2287 0 9731
2289 0 10215
2290 0 5010
2291 0 8179
2292 0 10059
2293 0 6730
2294 0 7035
2295 0 10445
2296 0 9829
2297 0 9216
2298 0 8770
2299 0 6746
2300 0 8195
2301 0 5033
2302 0 6123
2303 0 4897
2304 0 5017
2305 0 7597
2306 0 5795
2307 0 8861
2308 0 4121
2309 0 10528
2310 0 7219
2311 0 10015
2312 0 7589
2313 0 9075
2314 0 4694
2315 0 6021
2316 0 5612
2317 0 9124
2318 0 9147
2319 0 9148
2320 0 9714
2321 0 10137
2322 0 10015
2323 0 5454
2324 0 5454
2325 0 6427
2326 0 9442
2327 0 5454
2328 0 9451
2329 0 10015
2330 0 9305
2331 0 5820
2332 0 8924
2333 0 6286
2334 0 6725
2335 0 8336
2336 0 7806
2337 0 4640
2338 0 6286
2339 0 4395
2340 0 9258
2341 0 5202
2342 0 5640
2343 0 9360
2344 0 10382
2345 0 10464
2346 0 7605
2347 0 9318
2348 0 9364
2349 0 7051
2350 0 10053
2351 0 8316
2352 0 7862
2353 0 7018
2354 0 10525
2355 0 8407
2356 0 9979
2357 0 9284
2358 0 6963
2359 0 6515
2360 0 5241
2361 0 5627
2362 0 4596
2363 0 9733
2364 0 3792
2365 0 8605
2366 0 5879
2367 0 10190
2368 0 9367
2369 0 5106
2370 0 8675
2371 0 5583
2372 0 10285
2373 0 5605
2374 0 10264
2375 0 4060
2376 0 9764
2377 0 7577
2378 0 8614
2379 0 8790
2380 0 7936
2381 0 10617
2382 0 10095
2383 0 4900
2384 0 6163
2385 0 9786
2386 0 9859
2387 0 9181
2388 0 4865
2389 0 6272
2390 0 6272
2391 0 8232
2392 0 6449
2393 0 5000
2394 0 6707
2395 0 9082
2396 0 7416
2397 0 5705
2398 0 8235
2399 0 9786
2400 0 9786
2401 0 9786
2402 0 9786
2403 0 9786
2404 0 5633
2405 0 5633
2406 0 7326
2407 0 8898
2408 0 8244
2409 0 5753
2410 0 8885
2411 0 4345
2412 0 9882
2414 0 9159
2415 0 6646
2416 0 5591
2417 0 9377
2418 0 5610
2419 0 9360
2421 0 9715
2422 0 10538
2423 0 4214
2424 0 3983
2425 0 4825
2426 0 6594
2427 0 8777
2428 0 10449
2429 0 5910
2430 0 5649
2431 0 3791
2432 0 5147
2433 0 4253
2434 0 7772
2435 0 6926
2436 0 8586
2437 0 8760
2438 0 10138
2439 0 6979
2440 0 5730
2441 0 7043
2442 0 5610
2443 0 7031
2444 0 3575
2445 0 3809
2446 0 3889
2447 0 3773
2448 0 3866
2449 0 7065
2450 0 8859
2451 0 10443
2452 0 9360
2453 0 10493
2454 0 9360
2455 0 9360
2456 0 9360
2457 0 9360
2458 0 5757
2459 0 7606
2460 0 6196
2461 0 5205
2462 0 5911
2463 0 6695
2464 0 7324
2465 0 3928
2466 0 3763
2467 0 6020
2468 0 5807
2469 0 8813
2470 0 5106
2471 0 4311
2472 0 8026
2473 0 5861
2474 0 9311
2475 0 3644
2476 0 4214
2477 0 7310
2478 0 7387
2479 0 8141
2480 0 9375
2481 0 6584
2482 0 9586
2483 0 8916
2484 0 8246
2485 0 4702
2486 0 9714
2487 0 9714
2488 0 6872
2489 0 9714
2490 0 9941
2491 0 5946
2492 0 4501
2493 0 6926
2494 0 5673
2495 0 8445
2496 0 8688
2497 0 6926
2498 0 9019
2499 0 6172
2500 0 3660
2501 0 5896
2502 0 7358
2503 0 4727
2504 0 8519
2505 0 6165
2506 0 8172
2507 0 9427
2508 0 10605
2509 0 9467
2510 0 5002
2511 0 8310
2512 0 5410
2513 0 5995
2514 0 8027
2515 0 6145
2516 0 8605
2517 0 9862
2518 0 4378
2519 0 9782
2520 0 8586
2521 0 9085
2522 0 9497
2523 0 7071
2524 0 10493
2525 0 5780
2526 0 9522
2527 0 7025
2528 0 7579
2529 0 9527
2530 0 10127
2531 0 9148
2532 0 5924
2533 0 3743
2534 0 9862
2535 0 10167
2536 0 10202
2537 0 5629
2538 0 5753
2539 0 6827
2540 0 6827
2541 0 8727
2542 0 5769
2543 0 6998
2544 0 5186
2545 0 7330
2546 0 10159
2547 0 8271
2549 0 4345
2550 0 8869
2551 0 7523
2552 0 4360
2553 0 4001
2554 0 5715
2555 0 7354
2556 0 6965
2557 0 6515
2558 0 5025
2559 0 7923
2560 0 3561
2561 0 6349
2562 0 4484
2563 0 5315
2564 0 5525
2565 0 5768
2566 0 4952
2567 0 5768
2568 0 5190
2569 0 9134
2570 0 3925
2571 0 7605
2572 0 3615
2573 0 9941
2574 0 4360
2575 0 7413
2576 0 10043
2577 0 4598
2578 0 9881
2579 0 6575
2580 0 8731
2581 0 8785
2582 0 7523
2583 0 6891
2584 0 8898
2585 0 7828
2586 0 4757
2587 0 10004
2588 0 9834
2589 0 7066
2590 0 7516
2591 0 6985
2592 0 5003
2593 0 6829
2594 0 10445
2595 0 5669
2596 0 5410
2597 0 10027
2598 0 7722
2599 0 4439
2600 0 8965
2601 0 8965
2602 0 8965
2603 0 5360
2604 0 6097
2605 0 4557
2606 0 7085
2607 0 3585
2608 0 9495
2609 0 9222
2610 0 6360
2611 0 9148
2612 0 5966
2613 0 10018
2614 0 10018
2615 0 9021
2616 0 9658
2617 0 6063
2618 0 4599
2619 0 6350
2620 0 9192
2621 0 4982
2622 0 10060
2623 0 9213
2624 0 4981
2625 0 5618
2626 0 6014
2627 0 9282
2628 0 5008
2629 0 8135
2630 0 10033
2631 0 7004
2632 0 10461
2633 0 4216
2634 0 10558
2635 0 10538
2636 0 7723
2637 0 7805
2638 0 7991
2639 0 3941
2640 0 4855
2641 0 8176
2642 0 8924
2643 0 10498
2644 0 9714
2645 0 4347
2646 0 8785
2647 0 6242
2648 0 9323
2649 0 7025
2650 0 6872
2651 0 6872
2652 0 5966
2653 0 5804
2654 0 10018
2655 0 9602
2656 0 8204
2657 0 10464
2658 0 9762
2659 0 5445
2660 0 3563
2661 0 6047
2662 0 10461
2663 0 8999
2664 0 5730
2665 0 8929
2666 0 8213
2667 0 4629
2668 0 5198
2669 0 6560
2670 0 9941
2671 0 4394
2672 0 4317
2673 0 8643
2674 0 8175
2675 0 5768
2676 0 8189
2677 0 9893
2678 0 5958
2679 0 6803
2680 0 10131
2681 0 6273
2682 0 6784
2683 0 3968
2684 0 5591
2685 0 4358
2686 0 3615
2687 0 4222
2688 0 4248
2689 0 8109
2690 0 10533
2691 0 6858
2692 0 6545
2693 0 3987
2694 0 5351
2695 0 6900
2696 0 6272
2697 0 7333
2698 0 5798
2699 0 4222
2700 0 7338
2701 0 7338
2702 0 7859
2703 0 8843
2704 0 9862
2705 0 9148
2706 0 4804
2707 0 10451
2708 0 7383
2709 0 7734
2710 0 7446
2711 0 3998
2712 0 9169
2713 0 4906
2714 0 10511
2715 0 3651
2716 0 7946
2717 0 7319
2718 0 7277
2719 0 7451
2720 0 5429
2721 0 9131
2722 0 8803
2723 0 9715
2724 0 8768
2726 0 9018
2727 0 8586
2728 0 10377
2729 0 9941
2730 0 9380
2731 0 4194
2732 0 8150
2733 0 4056
2734 0 8698
2735 0 10090
2736 0 8150
2737 0 8803
2738 0 5235
2739 0 4894
2740 0 5956
2741 0 9124
2742 0 6101
2743 0 10393
2744 0 6963
2745 0 3615
2746 0 6125
2747 0 9225
2748 0 6394
2749 0 6859
2750 0 6101
2751 0 5461
2752 0 4056
2753 0 5984
2754 0 9298
2755 0 3585
2756 0 9153
2757 0 7989
2758 0 7977
2759 0 8813
2760 0 3651
2761 0 9394
2762 0 10033
2763 0 7943
2764 0 9159
2765 0 9233
2766 0 10174
2767 0 8866
2768 0 6903
2769 0 6803
2770 0 8316
2771 0 3820
2772 0 5735
2773 0 7032
2774 0 6210
2775 0 8179
2776 0 3844
2777 0 8480
2778 0 5315
2779 0 6455
2780 0 9608
2781 0 10538
2782 0 4294
2783 0 10340
2784 0 7966
2785 0 4394
2786 0 6532
2787 0 7604
2788 0 9224
2789 0 3802
2790 0 9873
2791 0 9255
2792 0 8968
2793 0 6311
2794 0 8911
2795 0 6827
2796 0 5615
2798 0 8325
2799 0 5598
2800 0 7498
2801 0 6817
2802 0 10107
2803 0 8828
2804 0 8471
2805 0 5602
2806 0 3817
2807 0 4599
2808 0 9210
2809 0 4578
2810 0 6351
2811 0 8781
2812 0 7968
2813 0 8067
2814 0 8323
2815 0 4249
2816 0 6357
2817 0 8329
2818 0 5112
2819 0 6964
2820 0 6294
2821 0 7890
2822 0 8608
2823 0 8349
2824 0 5066
2825 0 3922
2826 0 9844
2827 0 8586
2828 0 3651
2829 0 9400
2830 0 7159
2831 0 5464
2832 0 3600
2833 0 6613
2834 0 9610
2835 0 6404
2836 0 7129
2837 0 4008
2838 0 6516
2839 0 10428
2840 0 9564
2841 0 9941
2842 0 4194
2843 0 8866
2844 0 5623
2845 0 5815
2846 0 5984
2847 0 4225
2848 0 8929
2849 0 5623
2850 0 9995
2851 0 6100
2852 0 5750
2853 0 3763
2854 0 5649
2855 0 7353
2856 0 6819
2857 0 9896
2858 0 6689
2859 0 10486
2860 0 10143
2861 0 6964
2862 0 8857
2863 0 5574
2864 0 8857
2865 0 6126
2866 0 7431
2867 0 6246
2868 0 9406
2869 0 4394
2870 0 5128
2871 0 3976
2872 0 5782
2873 0 9797
2874 0 3787
2875 0 7352
2876 0 7390
2877 0 3823
2878 0 7579
2879 0 6111
2880 0 8340
2881 0 9764
2882 0 5402
2883 0 4162
2884 0 4825
2885 0 5605
2886 0 8586
2887 0 7977
2888 0 8812
2889 0 9831
2890 0 8813
2891 0 8929
2892 0 8296
2893 0 9323
2894 0 9394
2895 0 6394
2896 0 4406
2897 0 5008
2898 0 9400
2899 0 5562
2900 0 6989
2901 0 9496
2902 0 7086
2903 0 9370
2904 0 9859
2905 0 8762
2906 0 5729
2907 0 3561
2908 0 10464
2909 0 4046
2910 0 10269
2911 0 5427
2912 0 10323
2913 0 9916
2914 0 9170
2915 0 6839
2916 0 3910
2917 0 4916
2918 0 4616
2919 0 7171
2920 0 6264
2921 0 10558
2922 0 7064
2923 0 7766
2924 0 10131
2925 0 7328
2926 0 6366
2927 0 4096
2928 0 5140
2929 0 5050
2930 0 7032
2931 0 6482
2932 0 9876
2933 0 8777
2934 0 5294
2935 0 4525
2936 0 4525
2937 0 5705
2938 0 5738
2939 0 4525
2940 0 3920
2941 0 8217
2942 0 5532
2943 0 6863
2944 0 4825
2945 0 9346
2946 0 5437
2947 0 9954
2948 0 4841
2949 0 8518
2950 0 6964
2951 0 8329
2952 0 4062
2953 0 6715
2954 0 6855
2955 0 5351
2956 0 5771
2957 0 9222
2958 0 6894
2959 0 5314
2961 0 3625
2962 0 9525
2963 0 5314
2964 0 5778
2965 0 3651
2966 0 9371
2967 0 6113
2968 0 10527
2969 0 6113
2970 0 4472
2971 0 5797
2972 0 4903
2973 0 6113
2974 0 7800
2975 0 4294
2976 0 9380
2977 0 9495
2978 0 3660
2979 0 8901
2980 0 4959
2981 0 9400
2982 0 9715
2983 0 5795
2984 0 6894
2985 0 6859
2986 0 4301
2987 0 3802
2988 0 10524
2989 0 4796
2990 0 5984
2991 0 6876
2992 0 7147
2993 0 6245
2994 0 5673
2995 0 4679
2996 0 9785
2997 0 3920
2998 0 7438
2999 0 6277
3000 0 7071
3001 0 8506
3002 0 8608
3003 0 8738
3004 0 10495
3005 0 9896
3006 0 6710
3007 0 6383
3008 0 9919
3009 0 10173
3010 0 4204
3011 0 9233
3012 0 6386
3013 0 6713
3014 0 5610
3015 0 7326
3016 0 8913
3017 0 4171
3018 0 6896
3019 0 6654
3020 0 6528
3021 0 9450
3022 0 9028
3023 0 9881
3024 0 6430
3025 0 4649
3026 0 6545
3027 0 3986
3028 0 6099
3029 0 3737
3030 0 3994
3031 0 9305
3032 0 9192
3033 0 6018
3034 0 8586
3035 0 6900
3036 0 9764
3037 0 9764
3038 0 9764
3039 0 9764
3040 0 9764
3041 0 5202
3042 0 5591
3043 0 8523
3044 0 8262
3045 0 8262
3046 0 8262
3047 0 6278
3048 0 3734
3049 0 4194
3050 0 6803
3051 0 5000
3052 0 9839
3053 0 8237
3054 0 9892
3055 0 6930
3056 0 8762
3057 0 9082
3058 0 8492
3059 0 6242
3060 0 8836
3061 0 9712
3062 0 4056
3063 0 7568
3064 0 5218
3065 0 9785
3066 0 3805
3067 0 7938
3068 0 5033
3069 0 7801
3070 0 7303
3071 0 7330
3072 0 8832
3073 0 4525
3074 0 9116
3075 0 4204
3076 0 9403
3077 0 7989
3078 0 9300
3079 0 9785
3080 0 3615
3081 0 9882
3082 0 3633
3083 0 7723
3084 0 5817
3085 0 3585
3086 0 3737
3087 0 7751
3088 0 9124
3089 0 5040
3090 0 9809
3091 0 4435
3092 0 4147
3093 0 9206
3094 0 5009
3095 0 6145
3096 0 9238
3097 0 9882
3098 0 5485
3099 0 4963
3100 0 5784
3101 0 6097
3102 0 3559
3103 0 6964
3104 0 6111
3105 0 3651
3106 0 9213
3107 0 4186
3108 0 7989
3109 0 4354
3110 0 3785
3111 0 9715
3112 0 9362
3113 0 10002
3114 0 5753
3115 0 4757
3116 0 10573
3117 0 5930
3118 0 4314
3119 0 4242
3120 0 10498
3121 0 9790
3122 0 8949
3123 0 9161
3124 0 6432
3125 0 10525
3126 0 5966
3127 0 10488
3128 0 6715
3129 0 8879
3130 0 5582
3131 0 9849
3132 0 8476
3133 0 9394
3134 0 6926
3135 0 4048
3136 0 4225
3137 0 3632
3138 0 7009
3139 0 9083
3140 0 10009
3141 0 4139
3142 0 8007
3143 0 5325
3144 0 7841
3145 0 4853
3146 0 7161
3147 0 3627
3148 0 8351
3149 0 4056
3150 0 4234
3151 0 4216
3152 0 9222
3153 0 9809
3154 0 8413
3155 0 7067
3156 0 10234
3157 0 6964
3158 0 6020
3159 0 5057
3160 0 5867
3161 0 7033
3162 0 9743
3163 0 4367
3164 0 4525
3165 0 7662
3166 0 4143
3167 0 4311
3168 0 8052
3169 0 6973
3170 0 4371
3172 0 6181
3173 0 5081
3174 0 8143
3175 0 3577
3176 0 7723
3177 0 6897
3178 0 6315
3180 0 9192
3181 0 6163
3182 0 8917
3183 0 7180
3184 0 6720
3185 0 5577
3186 0 9995
3187 0 4936
3188 0 4225
3189 0 7980
3190 0 9776
3191 0 9086
3192 0 9359
3193 0 8504
3194 0 9862
3195 0 9597
3196 0 8872
3197 0 8146
3198 0 5814
3199 0 8589
3200 0 10369
3201 0 8589
3202 0 4356
3203 0 8135
3204 0 8179
3205 0 9781
3206 0 4117
3207 0 10090
3208 0 4042
3209 0 6953
3210 0 10475
3211 0 4376
3212 0 5010
3213 0 3787
3214 0 5434
3215 0 3763
3216 0 10146
3217 0 10538
3218 0 5557
3219 0 4063
3220 0 8109
3221 0 6989
3222 0 10160
3223 0 7012
3224 0 3701
3225 0 6112
3226 0 5015
3227 0 4525
3228 0 4525
3229 0 8885
3230 0 6863
3231 0 7603
3232 0 8686
3233 0 3603
3234 0 7603
3235 0 5966
3236 0 4525
3237 0 4525
3238 0 10491
3239 0 5323
3240 0 9028
3241 0 3603
3242 0 9005
3243 0 9651
3244 0 10302
3245 0 8777
3246 0 7742
3247 0 4347
3248 0 6278
3249 0 4103
3250 0 5248
3251 0 3665
3252 0 9450
3253 0 10302
3254 0 5037
3255 0 4957
3256 0 4976
3257 0 6579
3258 0 6579
3259 0 4976
3260 0 5591
3261 0 8866
3262 0 10487
3263 0 8109
3264 0 6779
3265 0 6779
3266 0 6779
3267 0 8179
3268 0 5008
3269 0 9392
3270 0 8640
3271 0 8812
3272 0 8812
3273 0 9658
3274 0 10004
3275 0 6801
3276 0 9854
3277 0 6894
3278 0 6803
3279 0 4214
3280 0 4214
3281 0 6397
3282 0 8576
3283 0 9175
3284 0 8521
3285 0 8194
3286 0 8194
3287 0 5639
3288 0 9813
3289 0 8762
3290 0 6835
3291 0 4808
3292 0 5911
3293 0 5801
3294 0 5801
3295 0 5800
3296 0 6819
3297 0 3651
3298 0 5006
3299 0 7927
3300 0 8295
3301 0 4810
3302 0 4939
3303 0 8195
3304 0 9159
3305 0 9289
3306 0 6172
3307 0 10167
3308 0 5172
3309 0 3664
3310 0 7338
3311 0 6266
3312 0 3655
3313 0 5591
3314 0 5984
3315 0 9007
3316 0 6835
3317 0 7257
3318 0 4424
3319 0 5903
3320 0 5580
3321 0 6271
3322 0 4294
3323 0 6360
3324 0 9715
3325 0 9715
3326 0 4194
3327 0 5015
3328 0 9882
3329 0 5461
3330 0 6835
3331 0 10027
3332 0 9652
3333 0 9265
3334 0 6967
3335 0 5186
3336 0 5243
3337 0 3732
3338 0 8293
3339 0 9056
3340 0 8870
3341 0 8849
3342 0 9375
3343 0 5127
3344 0 10530
3345 0 6394
3346 0 9450
3347 0 8924
3348 0 6304
3349 0 6900
3350 0 9995
3351 0 9281
3353 0 5112
3354 0 7074
3355 0 7472
3356 0 3554
3357 0 8170
3358 0 7070
3359 0 5900
3360 0 9073
3361 0 5792
3362 0 9240
3363 0 4765
3365 0 7588
3366 0 7449
3367 0 6876
3368 0 5903
3369 0 8319
3370 0 7018
3371 0 7291
3372 0 6435
3373 0 10550
3374 0 9833
3375 0 9715
3376 0 5919
3377 0 6111
3378 0 7415
3379 0 4378
3380 0 8301
3381 0 6640
3382 0 7571
3383 0 8010
3384 0 9323
3385 0 7446
3386 0 5630
3387 0 8640
3388 0 5761
3389 0 9250
3390 0 5832
3391 0 5768
3392 0 6278
3393 0 9531
3394 0 10393
3395 0 5610
3396 0 9362
3397 0 4345
3398 0 10538
3399 0 10538
3400 0 10538
3401 0 7749
3402 0 4113
3403 0 5797
3404 0 10244
3405 0 4327
3406 0 8891
3407 0 8687
3408 0 8264
3409 0 6746
3410 0 5013
3411 0 8785
3412 0 4757
3413 0 8085
3414 0 9274
3415 0 8544
3416 0 7889
3417 0 7063
3418 0 4757
3419 0 3656
3420 0 4301
3421 0 5190
3422 0 5190
3423 0 5190
3424 0 9778
3425 0 9370
3426 0 9264
3427 0 6111
3428 0 9371
3429 0 6419
3430 0 5191
3431 0 4345
3432 0 9305
3434 0 7655
3435 0 6624
3436 0 5732
3437 0 8084
3438 0 5676
3439 0 4700
3440 0 6985
3441 0 5534
3442 0 8424
3443 0 6141
3444 0 5840
3445 0 9986
3446 0 9959
3447 0 9764
3448 0 3570
3449 0 6371
3450 0 5054
3451 0 5054
3452 0 9534
3453 0 5817
3454 0 7067
3455 0 5389
3456 0 4512
3457 0 10015
3458 0 6571
3459 0 7596
3460 0 4638
3461 0 3609
3462 0 10146
3463 0 8903
3464 0 4585
3465 0 8182
3466 0 10308
3467 0 9260
3468 0 9167
3469 0 9976
3470 0 5234
3471 0 9791
3472 0 8481
3473 0 4099
3474 0 6782
3475 0 4682
3476 0 4406
3477 0 3933
3478 0 9214
3479 0 4363
3480 0 4439
3481 0 7015
3482 0 4809
3483 0 9813
3484 0 6936
3485 0 5544
3486 0 7497
3487 0 4673
3488 0 9507
3489 0 6505
3490 0 5918
3491 0 7226
3492 0 4211
3493 0 4758
3494 0 10230
3495 0 3912
3496 0 10525
3497 0 10488
3498 0 10488
3499 0 5307
3500 0 5208
3501 0 6715
3502 0 6247
3503 0 9132
3504 0 4518
3505 0 5317
3506 0 6286
3507 0 9035
3508 0 6427
3509 0 9035
3510 0 7449
3511 0 7449
3512 0 6803
3513 0 8175
3514 0 3764
3515 0 5074
3516 0 9510
3517 0 4446
3518 0 6730
3519 0 9764
3520 0 5087
3521 0 4213
3522 0 9815
3523 0 8319
3524 0 6515
3525 0 4940
3526 0 6803
3527 0 9051
3528 0 9346
0 2 10164
0 2 10089
0 2 5200
1 2 9337
1 2 7422
1 2 4241
2 2 10434
2 2 6305
2 2 3851
3 2 10469
3 2 3825
3 2 7701
4 2 9857
4 2 5139
4 2 7993
5 2 3623
5 2 9246
5 2 10303
6 2 6023
6 2 7121
6 2 5920
7 2 7040
7 2 4260
7 2 4550
8 2 6543
8 2 8961
8 2 9053
9 2 8939
9 2 9625
9 2 6274
10 2 8183
10 2 3892
10 2 7992
11 2 8108
11 2 7595
11 2 8874
12 2 7355
12 2 4220
12 2 4318
13 2 8961
13 2 3914
13 2 6741
14 2 5741
14 2 8064
14 2 5601
15 2 9246
15 2 9674
15 2 6796
16 2 5416
16 2 7240
16 2 6382
17 2 10106
17 2 3940
17 2 9542
18 2 6701
18 2 6198
18 2 9726
19 2 10466
19 2 10539
19 2 6614
20 2 5746
20 2 9081
20 2 4919
21 2 9717
21 2 6131
21 2 5125
22 2 3940
22 2 9942
22 2 7137
23 2 8014
23 2 9635
23 2 7471
24 2 8531
24 2 5357
24 2 7130
25 2 7512
25 2 7337
25 2 6249
26 2 4653
26 2 5096
26 2 9432
27 2 3756
27 2 4704
27 2 9912
28 2 9399
28 2 4892
28 2 7110
29 2 5895
29 2 4018
29 2 10545
30 2 8286
30 2 5781
30 2 4798
31 2 7301
31 2 10032
31 2 4551
31 2 7685
32 2 4812
32 2 5372
32 2 10169
33 2 6369
33 2 7790
33 2 4657
34 2 5416
34 2 7034
34 2 9884
35 2 9918
35 2 9636
35 2 9296
36 2 8887
36 2 6922
36 2 4007
37 2 7423
37 2 9850
37 2 8019
38 2 3724
38 2 9766
38 2 4331
39 2 9140
39 2 6379
39 2 10413
40 2 3892
40 2 6197
40 2 4664
41 2 7482
41 2 7299
41 2 4631
42 2 9249
42 2 9524
42 2 5046
43 2 4675
43 2 9334
43 2 7643
44 2 8536
44 2 8039
44 2 6766
45 2 10526
45 2 5383
45 2 3875
46 2 10193
46 2 4872
46 2 4282
47 2 8111
47 2 7637
47 2 4635
48 2 8673
48 2 8984
48 2 6092
49 2 7385
49 2 5687
49 2 4574
50 2 10537
50 2 8362
50 2 8655
51 2 5423
51 2 8281
51 2 8952
52 2 9850
52 2 8612
52 2 6513
53 2 6611
53 2 7840
53 2 10003
54 2 6995
54 2 7791
54 2 4686
55 2 6131
55 2 9249
55 2 3875
56 2 8031
56 2 8926
56 2 7858
57 2 5847
57 2 4513
57 2 8502
58 2 5988
58 2 7673
58 2 7645
59 2 9506
59 2 7391
59 2 5280
60 2 9125
60 2 5890
60 2 6517
61 2 9681
61 2 7962
61 2 7290
62 2 9554
62 2 5099
62 2 9806
63 2 8798
63 2 9800
63 2 10489
64 2 8701
64 2 8040
64 2 4004
64 2 5395
64 2 4409
65 2 3623
65 2 8004
65 2 6648
66 2 7090
66 2 10347
66 2 3628
67 2 4631
67 2 6207
67 2 8496
68 2 6042
68 2 5776
68 2 7167
69 2 10490
69 2 4707
69 2 9869
70 2 7078
70 2 5443
70 2 9547
71 2 6555
71 2 8269
71 2 3682
71 2 9516
71 2 3896
72 2 4645
72 2 8015
72 2 8653
73 2 9184
73 2 10149
73 2 7138
74 2 8899
74 2 9445
74 2 6619
75 2 8529
75 2 10122
75 2 4642
76 2 6310
76 2 5018
76 2 3843
77 2 5096
77 2 3671
77 2 7062
78 2 3604
78 2 8387
78 2 5536
78 2 3852
78 2 8385
79 2 3815
79 2 4693
79 2 4678
80 2 10483
80 2 6444
80 2 10322
81 2 3622
81 2 8934
81 2 7564
82 2 10350
82 2 10396
82 2 7013
83 2 7944
83 2 7436
83 2 8722
84 2 6578
84 2 4458
84 2 6961
85 2 6485
85 2 5523
85 2 5435
86 2 4605
86 2 5041
86 2 10099
87 2 4693
87 2 6994
87 2 4799
88 2 6503
88 2 10045
88 2 7489
89 2 7122
89 2 6919
89 2 5777
90 2 3825
90 2 5292
90 2 3741
91 2 8039
91 2 10115
91 2 8569
92 2 4645
92 2 6976
92 2 9536
93 2 5999
93 2 6450
93 2 6232
94 2 4668
94 2 8919
94 2 3556
95 2 8512
95 2 8559
95 2 7780
96 2 3623
96 2 4318
96 2 6845
97 2 7758
97 2 8642
97 2 8478
98 2 5384
98 2 4175
98 2 6748
99 2 9036
99 2 7634
99 2 8839
100 2 3576
100 2 4681
100 2 7143
101 2 4756
101 2 8136
101 2 3895
102 2 7865
102 2 8944
102 2 8267
103 2 10093
103 2 4183
103 2 6621
104 2 4695
104 2 4010
104 2 5872
105 2 8111
105 2 9755
105 2 8711
106 2 9246
106 2 6771
106 2 4826
107 2 6319
107 2 3840
107 2 5634
108 2 8136
108 2 7613
108 2 5319
109 2 6080
109 2 7238
109 2 4761
110 2 7337
110 2 5886
110 2 6250
111 2 6170
111 2 3946
111 2 10133
112 2 5441
112 2 9573
112 2 4094
113 2 3815
113 2 3635
113 2 8993
114 2 6092
114 2 6995
114 2 4298
115 2 5292
115 2 5991
115 2 9330
116 2 4324
116 2 9962
116 2 10224
117 2 9656
117 2 10130
117 2 5590
117 2 7576
117 2 7558
118 2 4094
118 2 8690
118 2 10282
119 2 6498
119 2 8127
119 2 6290
120 2 7793
120 2 7271
121 2 7076
121 2 3882
121 2 6873
122 2 8364
122 2 4565
122 2 3869
123 2 8039
123 2 5687
123 2 3883
124 2 4574
124 2 7634
124 2 4971
125 2 7684
125 2 4608
125 2 7921
126 2 7317
126 2 7509
126 2 9215
127 2 8001
127 2 6534
128 2 10397
128 2 4739
128 2 8227
129 2 6324
129 2 5253
129 2 5744
130 2 8386
130 2 4065
130 2 4510
131 2 6993
131 2 8736
131 2 6851
131 2 5088
132 2 9337
132 2 5746
132 2 8472
133 2 5309
133 2 6307
133 2 8215
134 2 10480
134 2 7985
134 2 7658
135 2 9819
135 2 9494
135 2 10556
136 2 7570
136 2 7707
136 2 7885
137 2 6161
137 2 3652
137 2 5828
138 2 6257
138 2 7981
138 2 5354
139 2 10164
139 2 7355
139 2 4173
140 2 7613
140 2 6682
140 2 6892
141 2 4693
141 2 7621
141 2 3871
142 2 10303
142 2 6701
142 2 10201
143 2 4486
143 2 6537
143 2 8273
144 2 8690
144 2 10283
144 2 5567
145 2 6042
145 2 7717
145 2 8198
146 2 6832
146 2 3634
146 2 9093
147 2 4653
147 2 4175
147 2 4497
148 2 6042
148 2 6978
148 2 5094
149 2 10093
149 2 7503
149 2 5272
150 2 5746
150 2 5120
150 2 8036
151 2 9242
151 2 3727
151 2 4530
152 2 3940
152 2 9515
152 2 6765
153 2 5120
153 2 10186
153 2 6606
154 2 4369
154 2 6634
154 2 9548
155 2 6378
155 2 9426
155 2 6992
156 2 5399
156 2 10152
156 2 5742
157 2 7121
157 2 9626
157 2 9136
158 2 6498
158 2 8212
158 2 5576
159 2 7044
159 2 3832
159 2 6671
160 2 9885
160 2 8868
160 2 10155
161 2 7286
161 2 5169
161 2 5155
162 2 9942
162 2 9215
162 2 3961
163 2 8798
163 2 10082
163 2 9789
164 2 7556
164 2 7182
164 2 4592
165 2 5125
165 2 9841
165 2 4488
166 2 9601
166 2 7368
166 2 6279
167 2 10066
167 2 9486
167 2 4405
167 2 8139
167 2 6762
168 2 4623
168 2 5254
168 2 8062
169 2 9667
169 2 6638
169 2 6499
170 2 7206
170 2 6996
170 2 9843
171 2 5373
171 2 10471
171 2 7254
172 2 7886
172 2 5521
172 2 5494
173 2 5354
173 2 8853
173 2 8498
174 2 9554
174 2 6639
174 2 5113
175 2 7137
175 2 10149
175 2 6161
176 2 8668
176 2 8622
176 2 10048
177 2 4693
177 2 5352
177 2 10388
178 2 8138
178 2 10221
178 2 7100
179 2 7137
179 2 10542
179 2 5065
180 2 5096
180 2 5724
180 2 9252
181 2 7266
181 2 8381
182 2 5362
182 2 7454
182 2 5863
183 2 6042
183 2 10505
183 2 5848
184 2 7122
184 2 9252
184 2 5116
185 2 8212
185 2 8463
185 2 4089
186 2 9252
186 2 3606
186 2 5566
187 2 3825
187 2 7167
187 2 9009
188 2 4486
188 2 8563
188 2 3888
188 2 8366
188 2 7824
189 2 4947
189 2 7297
189 2 8390
190 2 8004
190 2 8717
190 2 7068
191 2 5046
191 2 7570
191 2 9381
192 2 10466
192 2 8717
192 2 6906
193 2 9879
193 2 5428
193 2 5501
194 2 6978
194 2 3780
194 2 8242
195 2 6252
195 2 9428
195 2 9553
196 2 7286
196 2 3608
196 2 3927
197 2 7361
197 2 6569
197 2 5111
198 2 6976
198 2 6025
198 2 7308
199 2 6578
199 2 6892
199 2 5382
200 2 8064
200 2 3662
200 2 5939
201 2 4908
201 2 7011
201 2 4263
202 2 8553
202 2 6227
202 2 8600
203 2 7274
203 2 8997
203 2 5948
204 2 5475
204 2 7150
204 2 3783
205 2 3576
205 2 4941
205 2 4319
206 2 3724
206 2 6638
206 2 6284
207 2 5254
207 2 10471
207 2 8020
208 2 4260
208 2 7068
208 2 3596
209 2 6593
209 2 4025
209 2 7029
209 2 6679
210 2 4623
210 2 8357
210 2 5836
211 2 4313
211 2 6576
211 2 7883
212 2 5523
212 2 6994
212 2 7961
213 2 8183
213 2 5096
213 2 5220
214 2 10466
214 2 5709
214 2 10549
215 2 5271
215 2 8444
215 2 8974
216 2 9717
216 2 4089
216 2 9898
217 2 6611
217 2 7262
217 2 4687
218 2 4550
218 2 6701
218 2 7509
218 2 6581
218 2 10022
219 2 9720
219 2 7445
219 2 10440
220 2 5352
220 2 4353
220 2 5197
221 2 9432
221 2 4871
221 2 4857
222 2 6994
222 2 9573
222 2 7984
223 2 10115
223 2 8101
223 2 7371
224 2 4185
224 2 5082
224 2 6791
225 2 6671
225 2 8353
225 2 4350
226 2 4163
226 2 6502
226 2 6704
227 2 3724
227 2 6585
227 2 4660
228 2 8064
228 2 9548
228 2 8444
229 2 5423
229 2 9794
229 2 5393
230 2 8159
230 2 7703
230 2 5448
231 2 10499
231 2 3980
231 2 5414
232 2 7240
232 2 8120
232 2 9578
233 2 9736
233 2 8910
233 2 7403
234 2 5724
234 2 6644
234 2 6254
235 2 4094
235 2 10172
235 2 3555
236 2 4675
236 2 6910
236 2 6745
237 2 10434
237 2 10104
237 2 8101
238 2 3940
238 2 4259
238 2 10157
239 2 5939
239 2 8522
239 2 5972
240 2 3635
240 2 6868
240 2 7197
241 2 5416
241 2 4919
241 2 3969
242 2 7512
242 2 9626
242 2 7232
243 2 10071
243 2 7092
243 2 3977
244 2 8531
244 2 4971
244 2 9548
245 2 6023
245 2 7916
245 2 4467
246 2 7422
246 2 9918
246 2 10526
247 2 7619
247 2 5345
247 2 7611
248 2 4817
248 2 10405
248 2 9551
249 2 7385
249 2 7778
249 2 4293
249 2 5026
249 2 4002
250 2 7837
250 2 7759
250 2 9072
251 2 3914
251 2 3606
251 2 4259
252 2 4856
252 2 8197
252 2 4017
253 2 10106
253 2 5319
253 2 8390
254 2 3822
254 2 9645
254 2 6325
255 2 3892
255 2 10444
255 2 7244
256 2 5991
256 2 6682
256 2 5043
257 2 8547
257 2 6076
257 2 9466
258 2 5829
258 2 6314
259 2 7040
259 2 4583
259 2 5518
260 2 9857
260 2 7783
260 2 9270
261 2 5280
261 2 8119
261 2 8231
262 2 5373
262 2 5271
262 2 9104
263 2 3940
263 2 9573
263 2 8138
264 2 6735
264 2 5466
264 2 5322
265 2 7355
265 2 4645
265 2 5724
266 2 4369
266 2 8767
266 2 6685
267 2 6771
267 2 7613
267 2 8465
268 2 9670
268 2 5688
268 2 9589
269 2 7504
269 2 8773
269 2 8222
270 2 10539
270 2 7167
270 2 8595
271 2 4241
271 2 9249
271 2 7903
272 2 9077
272 2 10011
272 2 7808
273 2 6992
273 2 10542
273 2 3750
274 2 9081
274 2 5260
274 2 8406
275 2 5724
275 2 6531
275 2 8457
275 2 4915
275 2 8823
276 2 3843
276 2 7903
276 2 3714
277 2 10490
277 2 9500
277 2 6906
278 2 6976
278 2 9548
278 2 10293
279 2 7191
279 2 4236
279 2 6786
280 2 9720
280 2 7465
280 2 4250
281 2 7651
281 2 10192
281 2 9237
282 2 6978
282 2 9009
282 2 9211
283 2 10583
283 2 3617
283 2 4476
284 2 6255
284 2 4882
284 2 6544
285 2 9674
285 2 5746
285 2 9470
286 2 7137
286 2 8848
286 2 4839
287 2 7122
287 2 9754
287 2 7832
288 2 6249
288 2 6548
288 2 5680
289 2 7150
289 2 7165
289 2 10597
290 2 7150
290 2 10597
290 2 6479
291 2 8561
291 2 10540
292 2 7595
292 2 4678
292 2 8046
293 2 7504
293 2 3621
293 2 10361
294 2 6313
294 2 6147
294 2 8285
295 2 6602
295 2 5336
295 2 8298
296 2 9674
296 2 9942
296 2 6431
297 2 7450
297 2 6420
297 2 6520
298 2 10089
298 2 7104
298 2 10454
299 2 10104
299 2 8406
299 2 4219
300 2 7350
300 2 4667
300 2 5502
301 2 5110
301 2 8114
301 2 9498
302 2 7048
302 2 10403
302 2 8371
302 2 5584
302 2 6800
303 2 7385
303 2 5617
303 2 8284
304 2 9470
304 2 6317
304 2 6947
305 2 8040
305 2 10311
305 2 7522
306 2 5895
306 2 10565
306 2 4091
307 2 7703
307 2 6208
307 2 8449
308 2 4195
308 2 10516
308 2 6338
308 2 4401
308 2 4272
309 2 8716
309 2 10518
309 2 7807
310 2 4721
310 2 4791
310 2 6799
311 2 10484
311 2 8365
311 2 9430
312 2 7423
312 2 4688
312 2 7639
313 2 4605
313 2 5041
313 2 4296
314 2 10419
314 2 8931
314 2 5786
315 2 5357
315 2 8854
315 2 3730
316 2 3741
316 2 5288
316 2 6793
317 2 7167
317 2 6994
317 2 7570
318 2 5120
318 2 7308
318 2 9470
319 2 9554
319 2 4175
319 2 8854
320 2 7840
320 2 7361
320 2 5353
321 2 9556
321 2 9803
321 2 4737
322 2 4167
322 2 10211
322 2 8989
323 2 9595
323 2 4270
323 2 8985
324 2 6701
324 2 4797
324 2 9640
325 2 6175
325 2 5968
325 2 10017
326 2 9807
326 2 9695
326 2 6193
327 2 7436
327 2 6161
327 2 5421
328 2 6845
328 2 5144
328 2 6622
329 2 6023
329 2 10484
329 2 3874
330 2 4260
330 2 9918
330 2 10201
331 2 9036
331 2 10471
331 2 10124
332 2 5094
332 2 3710
332 2 5028
333 2 4267
333 2 8261
333 2 9342
334 2 10201
334 2 9319
334 2 7691
335 2 9432
335 2 9184
335 2 6873
336 2 10164
336 2 9338
336 2 5728
337 2 6382
337 2 6161
337 2 3780
338 2 8620
338 2 7440
338 2 8239
339 2 7760
339 2 7014
339 2 10194
340 2 7122
340 2 8522
340 2 9588
341 2 4318
341 2 8531
341 2 9433
342 2 6508
342 2 4474
342 2 7550
343 2 9041
343 2 7553
343 2 10427
343 2 6138
343 2 7750
344 2 6379
344 2 6634
344 2 8054
345 2 4318
345 2 7286
345 2 9464
346 2 10463
346 2 6057
346 2 9254
346 2 8343
346 2 5020
347 2 6701
347 2 4407
347 2 8888
348 2 8111
348 2 6771
348 2 6389
349 2 6611
349 2 8054
349 2 4412
350 2 7595
350 2 8967
350 2 5793
351 2 5886
351 2 9252
351 2 8205
352 2 10526
352 2 5475
352 2 6468
353 2 8531
353 2 5111
353 2 7479
354 2 7774
354 2 5321
354 2 6901
355 2 9918
355 2 9530
355 2 8526
356 2 7355
356 2 8136
356 2 5043
357 2 9554
357 2 7286
357 2 5111
358 2 5741
358 2 4688
358 2 8205
359 2 6543
359 2 8140
359 2 9401
360 2 10149
360 2 3969
360 2 6439
361 2 5383
361 2 3815
361 2 8101
362 2 8286
362 2 6310
362 2 6420
363 2 5746
363 2 5116
363 2 7361
364 2 5601
364 2 7512
364 2 5382
365 2 3662
365 2 4275
365 2 8187
366 2 9807
366 2 9067
366 2 6344
367 2 7290
367 2 6338
367 2 4553
368 2 8444
368 2 4948
368 2 9760
369 2 9004
369 2 7874
369 2 6330
370 2 10275
370 2 5983
370 2 7705
371 2 3741
371 2 4236
371 2 6338
372 2 8527
372 2 5075
372 2 5611
373 2 6543
373 2 9032
373 2 8355
374 2 8888
374 2 6504
374 2 7414
375 2 9800
375 2 9838
375 2 4961
376 2 5286
376 2 6060
376 2 3849
377 2 5616
377 2 8617
377 2 9945
378 2 5322
378 2 6354
378 2 4821
379 2 3549
379 2 9425
379 2 6884
380 2 4675
380 2 7893
380 2 7987
380 2 5077
380 2 7802
381 2 8510
381 2 3906
381 2 7615
382 2 9524
382 2 7189
382 2 7145
383 2 9800
383 2 7757
383 2 6416
384 2 7564
384 2 5258
384 2 10274
385 2 3843
385 2 4678
385 2 9032
386 2 7985
387 2 8286
387 2 10526
387 2 4891
388 2 3576
388 2 9841
388 2 4278
389 2 7355
389 2 4537
389 2 10561
390 2 9432
390 2 9125
390 2 5403
391 2 8015
391 2 3780
391 2 7782
392 2 9996
392 2 4602
392 2 10277
393 2 7554
393 2 9476
393 2 3607
394 2 5452
394 2 5153
394 2 6728
395 2 5292
395 2 7017
395 2 6811
396 2 9625
396 2 5046
396 2 5166
397 2 3606
397 2 7782
397 2 6417
398 2 6578
398 2 10201
398 2 9934
399 2 6284
399 2 8522
399 2 8012
400 2 8961
400 2 6682
400 2 10201
401 2 10036
401 2 8102
401 2 5694
402 2 7130
402 2 4173
402 2 9691
403 2 9246
403 2 4574
403 2 7626
404 2 4603
404 2 9203
404 2 6387
405 2 6504
405 2 5690
405 2 6658
406 2 3623
406 2 9636
406 2 8810
407 2 4908
407 2 4185
407 2 6313
408 2 6379
408 2 4870
408 2 10307
409 2 9942
409 2 6908
409 2 8245
410 2 4857
410 2 6456
410 2 9271
411 2 4369
411 2 6462
411 2 9455
412 2 4583
412 2 6313
412 2 5144
413 2 10539
413 2 7391
413 2 5271
414 2 6042
414 2 7786
414 2 6418
415 2 5601
415 2 9717
415 2 7371
416 2 6501
416 2 10473
416 2 8063
417 2 10466
417 2 9942
417 2 9554
418 2 8713
418 2 9221
418 2 9229
419 2 7707
419 2 10293
419 2 8680
420 2 7238
420 2 3961
420 2 9691
421 2 5895
421 2 7587
421 2 5533
422 2 5372
422 2 4175
422 2 6013
423 2 6578
423 2 6254
423 2 9433
424 2 9478
424 2 7484
424 2 7911
425 2 6796
425 2 8390
425 2 4278
426 2 5116
426 2 8101
426 2 6362
427 2 8138
427 2 8465
427 2 6752
428 2 8198
428 2 5694
428 2 3913
429 2 5746
429 2 6569
429 2 10157
430 2 6498
430 2 8212
430 2 7703
431 2 9548
431 2 5848
431 2 9634
432 2 6023
432 2 10201
432 2 9648
433 2 5746
433 2 6503
433 2 9252
434 2 3671
434 2 8212
434 2 7395
435 2 5890
435 2 7774
435 2 10000
436 2 10299
436 2 5953
436 2 9956
437 2 9626
437 2 4777
437 2 6763
438 2 9819
438 2 9060
438 2 5194
439 2 6543
439 2 7471
439 2 10549
440 2 10201
440 2 6117
440 2 5982
441 2 10307
441 2 4561
441 2 7683
442 2 4871
442 2 7396
442 2 4834
443 2 6161
443 2 9981
443 2 4781
444 2 8136
444 2 6634
444 2 7854
445 2 4689
445 2 4680
445 2 4980
446 2 10104
446 2 6611
446 2 8767
447 2 8522
447 2 3659
447 2 10470
448 2 8798
448 2 7703
448 2 3814
449 2 9081
449 2 6919
449 2 4756
450 2 4891
450 2 8822
450 2 3905
451 2 7482
451 2 6793
451 2 9935
452 2 3825
452 2 7512
452 2 9055
453 2 6796
453 2 10347
453 2 4645
454 2 5099
454 2 5403
454 2 4822
455 2 9524
455 2 6585
455 2 7499
456 2 7167
456 2 4259
456 2 7265
457 2 5443
457 2 7150
457 2 7988
458 2 6671
458 2 6644
458 2 7660
459 2 7017
459 2 6079
459 2 10163
460 2 3969
460 2 5505
460 2 3973
461 2 8472
461 2 8198
461 2 4654
462 2 4822
462 2 8747
462 2 4141
463 2 6634
463 2 6910
463 2 4045
464 2 10480
464 2 10471
464 2 10000
465 2 8536
465 2 3671
465 2 4175
466 2 8111
466 2 8526
466 2 7850
467 2 5139
467 2 10537
467 2 6647
468 2 7482
468 2 10280
468 2 7173
469 2 5991
469 2 9879
469 2 7450
470 2 9990
470 2 5333
470 2 3949
471 2 10178
471 2 7215
472 2 5416
472 2 7337
472 2 7286
473 2 3875
473 2 9136
473 2 7552
474 2 8039
474 2 3871
474 2 8020
475 2 9337
475 2 8939
475 2 9506
476 2 5046
476 2 7274
476 2 7582
477 2 8197
477 2 8680
477 2 6120
478 2 8899
478 2 7112
478 2 8700
479 2 7471
479 2 9036
479 2 9898
480 2 6485
480 2 4369
480 2 5353
481 2 5529
481 2 9431
481 2 9411
482 2 4756
482 2 7361
482 2 7499
483 2 10164
483 2 5120
483 2 9325
484 2 6131
484 2 9524
484 2 6042
485 2 10274
485 2 6471
485 2 9071
486 2 5991
486 2 8620
486 2 6362
487 2 7299
487 2 5220
487 2 5446
487 2 7160
487 2 10479
488 2 8015
488 2 8477
488 2 4290
489 2 7385
489 2 5099
489 2 7112
490 2 3914
490 2 5416
490 2 6882
491 2 4919
491 2 6417
491 2 5929
492 2 10466
492 2 6042
492 2 9626
493 2 4318
493 2 3914
493 2 8054
494 2 9268
494 2 8440
494 2 7892
495 2 4474
495 2 9149
495 2 9368
496 2 5724
496 2 7552
496 2 10421
497 2 9470
497 2 4904
497 2 6328
498 2 3991
498 2 10141
498 2 4112
499 2 8477
499 2 9624
499 2 7005
500 2 8039
500 2 4922
500 2 9180
501 2 9381
501 2 4835
501 2 4437
502 2 7613
502 2 4089
502 2 9009
503 2 5144
503 2 4278
503 2 3659
504 2 4089
504 2 6791
504 2 8087
505 2 10505
505 2 7296
505 2 8473
506 2 7236
506 2 7796
506 2 6115
507 2 7254
507 2 9532
507 2 9188
508 2 3671
508 2 6910
508 2 8810
509 2 3914
509 2 5082
509 2 7128
510 2 7137
510 2 10104
510 2 3780
511 2 9857
511 2 5687
511 2 7503
512 2 9524
512 2 6161
512 2 9981
513 2 10480
513 2 5220
513 2 9889
514 2 10164
514 2 8101
514 2 9435
515 2 9674
515 2 10490
515 2 10153
516 2 6023
516 2 9640
516 2 9481
517 2 8798
517 2 4430
517 2 7476
518 2 8444
518 2 8326
518 2 3918
519 2 9573
519 2 4369
519 2 5108
520 2 4220
520 2 6906
520 2 5111
521 2 6208
521 2 4553
521 2 9481
522 2 4561
522 2 8452
522 2 6388
523 2 4780
523 2 5124
523 2 7278
524 2 9800
524 2 7076
524 2 7479
525 2 4921
525 2 4628
525 2 4492
526 2 7391
526 2 4623
526 2 4561
527 2 10303
527 2 7450
527 2 9520
528 2 5687
528 2 3961
528 2 6763
529 2 4645
529 2 8690
529 2 5111
530 2 6365
530 2 5816
530 2 6053
531 2 3865
531 2 5480
531 2 5588
532 2 4678
532 2 7774
532 2 7201
533 2 7591
533 2 8884
533 2 10335
534 2 7308
534 2 9481
534 2 7970
535 2 9567
535 2 8151
535 2 7566
535 2 5268
536 2 6059
536 2 4651
536 2 10348
537 2 9079
537 2 5976
537 2 8359
538 2 5452
538 2 10509
538 2 10153
539 2 9399
539 2 5526
539 2 4746
540 2 5443
540 2 8020
540 2 9010
541 2 10347
541 2 8839
541 2 10330
542 2 7409
542 2 6731
542 2 9582
543 2 7756
543 2 10112
543 2 6818
544 2 9796
544 2 6668
544 2 4066
544 2 8528
544 2 5462
545 2 4609
545 2 10142
545 2 9572
546 2 9330
546 2 7836
546 2 9183
547 2 8662
547 2 6251
547 2 5852
548 2 6633
548 2 3669
548 2 4101
549 2 10256
549 2 4385
549 2 4330
550 2 7297
550 2 10124
550 2 4577
551 2 4776
551 2 6195
551 2 5219
551 2 3758
551 2 8530
552 2 8932
552 2 6699
552 2 10456
553 2 7627
553 2 10216
553 2 9930
554 2 5841
554 2 9100
554 2 9937
555 2 7832
555 2 7753
555 2 3673
556 2 9689
556 2 5710
556 2 4661
557 2 6796
557 2 4908
557 2 7774
558 2 5096
558 2 10221
558 2 8717
559 2 9337
559 2 9620
559 2 7640
560 2 5319
560 2 3969
560 2 7635
561 2 7361
561 2 8012
561 2 5914
562 2 6310
562 2 8205
562 2 7395
563 2 3914
563 2 6771
563 2 9609
564 2 3590
564 2 6036
564 2 7740
565 2 8649
565 2 9219
565 2 6672
566 2 5151
566 2 4644
566 2 8107
567 2 6485
567 2 7122
567 2 9136
568 2 9654
568 2 3602
568 2 10355
569 2 10504
569 2 5456
569 2 9302
570 2 5853
570 2 9090
570 2 9410
571 2 5164
571 2 8350
571 2 7868
572 2 8064
572 2 9026
572 2 8771
573 2 8286
573 2 5776
573 2 7789
574 2 10236
574 2 7315
574 2 4455
575 2 5567
575 2 9841
575 2 10501
576 2 9506
576 2 8198
576 2 9015
577 2 6832
577 2 9164
577 2 6787
578 2 4366
578 2 10305
578 2 5236
579 2 5972
579 2 8239
579 2 5038
580 2 10505
580 2 4566
580 2 3868
581 2 8604
581 2 5069
581 2 4918
582 2 8565
582 2 3862
582 2 8661
583 2 8909
583 2 5488
583 2 9837
584 2 8802
584 2 6220
584 2 9438
585 2 3940
585 2 4947
585 2 8119
586 2 8044
586 2 6521
586 2 5752
587 2 4486
587 2 4882
587 2 7973
588 2 7660
588 2 4454
588 2 9279
589 2 6418
589 2 4829
589 2 8733
590 2 7985
590 2 9071
590 2 7768
591 2 4407
591 2 9390
591 2 3873
592 2 7503
592 2 9136
592 2 5324
593 2 5111
593 2 3765
593 2 3766
594 2 4561
594 2 9682
594 2 5170
595 2 6193
595 2 9419
595 2 6209
596 2 10094
596 2 4453
596 2 4862
597 2 6379
597 2 9252
597 2 8155
598 2 9857
598 2 4857
598 2 8910
599 2 9536
599 2 9126
599 2 7105
599 2 5334
599 2 4581
600 2 9763
600 2 10055
600 2 6260
601 2 9674
601 2 4574
601 2 6255
602 2 8274
602 2 6544
602 2 5418
603 2 5120
603 2 8101
603 2 7714
604 2 10157
604 2 5418
604 2 7019
605 2 7621
605 2 8028
605 2 5550
606 2 8406
606 2 9338
606 2 9889
607 2 8659
607 2 6180
607 2 4696
608 2 9626
608 2 5155
608 2 5116
609 2 5601
609 2 10471
609 2 5108
610 2 3629
610 2 8079
610 2 7875
611 2 8822
611 2 8780
611 2 6757
612 2 9067
612 2 7950
612 2 10513
613 2 4953
613 2 4359
613 2 7375
614 2 4574
614 2 4580
614 2 9492
615 2 8962
615 2 7526
615 2 8370
616 2 6812
616 2 7881
616 2 10196
617 2 8680
617 2 4886
617 2 6393
618 2 7203
618 2 7224
618 2 9902
619 2 8947
619 2 9741
619 2 7198
620 2 9758
620 2 9671
620 2 3748
620 2 9938
620 2 9644
621 2 6718
621 2 10248
621 2 8199
622 2 10055
622 2 8203
622 2 10450
623 2 6458
623 2 6944
623 2 3842
624 2 6284
624 2 4180
624 2 8395
625 2 3662
625 2 8042
625 2 10351
626 2 3862
626 2 5287
626 2 3613
627 2 8926
627 2 6257
627 2 9899
628 2 9546
628 2 6714
629 2 5440
629 2 5928
629 2 7843
630 2 9524
630 2 5939
630 2 6879
631 2 5099
631 2 9036
631 2 4922
632 2 4278
632 2 9188
632 2 9705
633 2 7893
633 2 10516
633 2 4053
634 2 10153
634 2 9050
634 2 10497
635 2 3724
635 2 7364
635 2 4172
635 2 8160
636 2 3755
636 2 7264
636 2 9585
637 2 7286
637 2 10361
637 2 4407
638 2 7262
638 2 4562
638 2 5774
639 2 6444
639 2 5977
639 2 3930
640 2 5744
640 2 6920
640 2 7765
641 2 4326
641 2 8702
642 2 10211
642 2 4090
642 2 4058
643 2 9093
643 2 5668
643 2 4448
644 2 8522
644 2 8119
644 2 6607
645 2 10293
645 2 6468
645 2 4083
646 2 6809
646 2 4192
646 2 4575
647 2 4908
647 2 4857
647 2 4856
648 2 5353
648 2 8747
648 2 7022
649 2 7121
649 2 10106
649 2 7296
650 2 6994
650 2 5712
650 2 4816
651 2 7165
651 2 6541
651 2 8615
651 2 8940
651 2 5626
652 2 9218
652 2 6760
652 2 8400
653 2 3608
653 2 6510
653 2 7053
654 2 7053
654 2 4033
654 2 8954
655 2 3780
655 2 8205
655 2 10593
656 2 8889
656 2 3885
657 2 7799
657 2 5168
657 2 8754
658 2 9336
658 2 5510
658 2 8490
659 2 9548
659 2 6585
659 2 4856
660 2 9674
660 2 9211
660 2 9026
661 2 5334
661 2 7230
661 2 9683
662 2 7944
662 2 3722
662 2 5907
662 2 4907
662 2 7055
663 2 8015
663 2 3671
663 2 7308
664 2 5654
664 2 6700
664 2 8652
665 2 8531
665 2 5280
665 2 5018
665 2 9626
665 2 6968
666 2 6305
666 2 4857
666 2 7627
667 2 9465
667 2 5628
667 2 3857
668 2 4173
668 2 6075
668 2 6434
669 2 8654
669 2 3759
669 2 3589
670 2 3999
670 2 6211
670 2 3614
671 2 6791
671 2 9268
671 2 7741
672 2 7595
672 2 8542
672 2 4535
673 2 8889
673 2 3885
673 2 7177
674 2 6869
674 2 10067
674 2 4072
675 2 10149
675 2 4385
675 2 6683
676 2 7645
676 2 4561
676 2 9168
677 2 4544
677 2 4198
677 2 9117
678 2 5774
678 2 8894
678 2 9836
679 2 7455
679 2 5906
679 2 9577
680 2 10293
680 2 10317
680 2 5318
681 2 4653
681 2 3856
681 2 8957
682 2 5463
682 2 5068
682 2 8750
683 2 6081
683 2 5426
683 2 4831
684 2 4324
684 2 7587
684 2 7792
685 2 9745
686 2 8095
687 2 5176
687 2 10074
687 2 6768
688 2 7440
688 2 3641
688 2 10423
689 2 5096
689 2 3961
689 2 4389
690 2 8969
690 2 7674
690 2 9690
691 2 9337
691 2 5142
691 2 4309
692 2 7621
692 2 7970
692 2 6480
693 2 10434
693 2 8950
693 2 9738
694 2 7959
694 2 7863
694 2 5034
695 2 8663
695 2 7475
695 2 4146
695 2 7202
695 2 7689
696 2 9650
696 2 9434
696 2 7069
697 2 3629
697 2 6458
697 2 4321
698 2 10350
698 2 5566
698 2 8050
699 2 7044
699 2 5502
699 2 5503
700 2 6569
700 2 5271
700 2 6946
701 2 4175
701 2 10480
701 2 6585
702 2 6634
702 2 4433
702 2 7674
703 2 9246
703 2 10466
703 2 5382
704 2 5096
704 2 6485
704 2 8008
705 2 6701
705 2 8054
705 2 7593
706 2 10539
706 2 9026
706 2 4170
707 2 3969
707 2 6362
707 2 10318
709 2 5292
709 2 6338
709 2 6367
710 2 8302
710 2 4070
710 2 4441
711 2 7574
712 2 5273
712 2 8971
712 2 5624
713 2 9541
713 2 7820
713 2 7155
714 2 9283
714 2 4824
714 2 4209
715 2 9942
715 2 3762
715 2 10354
716 2 8198
716 2 10268
716 2 8842
717 2 4601
717 2 5374
717 2 9823
718 2 9432
718 2 8288
718 2 5935
719 2 5558
719 2 6976
719 2 7457
720 2 3882
720 2 4488
720 2 3761
721 2 5309
721 2 6605
721 2 6918
722 2 9554
722 2 9548
722 2 8063
723 2 5260
723 2 9634
723 2 5109
724 2 4731
724 2 6009
724 2 4061
725 2 10081
725 2 10366
725 2 5158
726 2 7512
726 2 9800
726 2 10479
727 2 5576
727 2 9669
727 2 3747
728 2 10086
728 2 6740
728 2 7272
728 2 9459
728 2 3965
729 2 8063
729 2 6647
729 2 4170
730 2 5440
730 2 7669
730 2 6496
731 2 10099
731 2 9689
731 2 5710
732 2 9735
732 2 5827
732 2 4556
733 2 8700
733 2 6048
733 2 4905
733 2 3630
733 2 8307
734 2 3807
734 2 10287
734 2 6632
735 2 7040
735 2 7984
735 2 5758
736 2 6658
736 2 8104
736 2 4193
737 2 5139
737 2 5894
737 2 4134
738 2 5951
738 2 5665
738 2 4277
739 2 9081
739 2 8111
739 2 5728
740 2 10082
740 2 7010
740 2 7728
741 2 3832
741 2 6066
741 2 6626
742 2 7286
742 2 8406
742 2 8996
743 2 4919
743 2 9093
743 2 7818
744 2 5939
744 2 5972
744 2 6368
745 2 8139
745 2 10370
745 2 9113
746 2 6439
746 2 7380
746 2 7453
747 2 8941
747 2 3726
747 2 7168
748 2 5113
748 2 5452
748 2 4628
748 2 3834
748 2 4792
750 2 7981
750 2 9268
750 2 8728
751 2 5383
751 2 3730
751 2 7833
752 2 9841
752 2 7450
752 2 9772
753 2 10224
753 2 7527
753 2 8594
754 2 8261
754 2 6600
754 2 4098
755 2 9081
755 2 7361
755 2 5194
756 2 5459
757 2 7417
757 2 10008
757 2 10585
757 2 9647
757 2 10586
758 2 3623
758 2 7961
758 2 6362
759 2 10086
759 2 6740
759 2 7272
760 2 6319
760 2 7792
760 2 8290
761 2 9594
761 2 3676
761 2 8009
762 2 3954
762 2 3956
762 2 5497
763 2 10419
763 2 10178
763 2 7152
764 2 5863
764 2 6622
764 2 6794
765 2 10149
765 2 9093
765 2 5029
766 2 6611
766 2 6025
766 2 8365
767 2 6796
767 2 4922
767 2 9420
768 2 6431
768 2 9303
768 2 5385
769 2 3702
769 2 10567
769 2 8742
770 2 8290
770 2 10568
770 2 5400
770 2 7719
770 2 3997
771 2 7621
771 2 4370
771 2 3861
772 2 9540
772 2 8592
772 2 8922
773 2 7637
773 2 10186
773 2 8810
774 2 10303
774 2 5046
774 2 7961
775 2 9736
775 2 4333
775 2 4203
776 2 5125
776 2 5357
776 2 7454
777 2 10471
777 2 5976
777 2 5989
778 2 3576
778 2 4856
778 2 6362
779 2 10370
779 2 8958
779 2 5589
780 2 9612
780 2 4415
780 2 6056
780 2 6577
781 2 5219
781 2 8775
781 2 7871
782 2 6080
782 2 9126
782 2 6221
783 2 8522
783 2 9695
783 2 10233
784 2 10614
784 2 5739
784 2 9901
785 2 3613
785 2 5711
785 2 6230
786 2 7244
786 2 4475
786 2 6421
787 2 5747
787 2 5217
787 2 5072
788 2 5747
788 2 7586
788 2 8632
789 2 4000
789 2 5637
789 2 7282
790 2 4000
790 2 5806
790 2 8694
791 2 6421
791 2 7407
791 2 4023
792 2 6421
792 2 5908
792 2 10453
793 2 4724
793 2 4738
793 2 10426
794 2 6230
794 2 4521
794 2 7058
795 2 5637
795 2 5869
795 2 3718
796 2 4475
796 2 5489
796 2 6406
797 2 6305
797 2 9705
797 2 5646
798 2 6305
798 2 10216
798 2 7884
799 2 10434
799 2 4475
799 2 4000
800 2 6230
800 2 6179
800 2 8746
801 2 6179
801 2 8000
801 2 5880
802 2 4000
802 2 9091
802 2 9784
803 2 10504
803 2 4000
803 2 6179
804 2 4000
804 2 5934
804 2 5285
805 2 9707
805 2 9138
805 2 3839
806 2 8000
806 2 7113
806 2 7847
807 2 7113
807 2 5607
807 2 9034
808 2 4724
808 2 10401
808 2 10078
809 2 8882
809 2 7930
809 2 6681
810 2 10353
811 2 7058
811 2 8627
811 2 5230
812 2 7294
812 2 5720
812 2 10521
813 2 7959
813 2 9040
813 2 8420
814 2 4133
814 2 3876
814 2 5808
815 2 8582
815 2 6747
815 2 9418
816 2 5808
816 2 7514
816 2 6749
817 2 6802
817 2 7481
817 2 6109
818 2 6230
818 2 4475
818 2 4734
819 2 6230
819 2 5934
819 2 8169
820 2 4475
820 2 5078
820 2 9122
821 2 4475
821 2 5908
821 2 6688
822 2 9761
822 2 6743
822 2 5377
823 2 8632
823 2 5637
823 2 4827
824 2 5938
824 2 8129
824 2 6223
825 2 5711
825 2 4000
825 2 8075
826 2 7586
826 2 8075
826 2 7721
827 2 9091
827 2 7280
827 2 6962
828 2 5463
828 2 8613
828 2 4067
829 2 4067
829 2 10281
829 2 7632
830 2 5755
830 2 4869
830 2 4755
831 2 9091
831 2 5808
831 2 5755
832 2 9405
832 2 6466
832 2 5316
833 2 5637
833 2 5869
833 2 5316
834 2 4452
834 2 6289
834 2 9307
835 2 3718
835 2 4452
835 2 10514
836 2 5377
836 2 9343
836 2 6374
837 2 6374
837 2 9054
837 2 7154
838 2 10514
838 2 8426
838 2 8073
839 2 4475
839 2 9418
839 2 9008
840 2 5021
840 2 4419
840 2 5545
841 2 6421
841 2 5223
841 2 7653
842 2 6421
842 2 4734
842 2 6522
843 2 7244
843 2 4475
843 2 4552
844 2 4475
844 2 6237
844 2 4140
845 2 7624
845 2 7495
845 2 6090
846 2 4043
846 2 8223
846 2 6241
847 2 4133
847 2 7592
847 2 5564
848 2 3876
848 2 4734
848 2 8766
849 2 5657
849 2 5167
849 2 4398
850 2 6869
850 2 4734
850 2 10046
851 2 4924
851 2 10438
851 2 4022
852 2 6986
852 2 5699
852 2 6028
853 2 9248
853 2 7781
853 2 7738
854 2 4869
854 2 9118
854 2 5819
855 2 10078
855 2 6291
855 2 6464
856 2 5257
856 2 7109
856 2 7220
857 2 7244
857 2 6179
857 2 9288
858 2 6179
858 2 6612
858 2 5865
859 2 8767
859 2 5377
859 2 4387
860 2 5377
860 2 10314
860 2 10436
861 2 5711
861 2 4043
861 2 5305
862 2 4521
862 2 6067
862 2 9719
863 2 5711
863 2 6073
863 2 3582
864 2 7959
864 2 5401
864 2 7448
864 2 9413
864 2 6002
865 2 8199
865 2 4158
865 2 7377
866 2 6207
866 2 5369
866 2 10058
867 2 10504
867 2 7407
867 2 4136
868 2 3586
868 2 8650
868 2 3950
869 2 9324
869 2 3970
869 2 6253
870 2 6581
870 2 4871
870 2 3868
871 2 4812
871 2 10017
871 2 9695
872 2 6978
872 2 6218
872 2 9737
873 2 3807
873 2 4876
873 2 4082
874 2 6543
874 2 8463
874 2 6544
875 2 7122
875 2 7613
875 2 3606
876 2 4681
876 2 5991
876 2 8858
877 2 8690
877 2 8054
877 2 6596
878 2 9789
878 2 10235
878 2 7819
879 2 4369
879 2 4351
879 2 10517
880 2 5322
880 2 7854
880 2 3955
881 2 6338
881 2 8973
881 2 10400
882 2 6581
882 2 4915
882 2 10023
883 2 10490
883 2 4366
883 2 3826
884 2 8049
884 2 4485
884 2 10118
885 2 5746
885 2 9573
885 2 6161
886 2 7290
886 2 9879
886 2 4219
887 2 5403
887 2 6599
887 2 5039
888 2 5746
888 2 5523
888 2 4623
889 2 4156
889 2 9910
889 2 5196
890 2 5542
890 2 4383
890 2 4068
891 2 5219
891 2 5285
891 2 9040
892 2 5063
892 2 8279
892 2 5047
893 2 6073
893 2 7321
893 2 9793
894 2 5542
894 2 5232
894 2 10200
895 2 6049
895 2 8072
895 2 4308
896 2 6049
896 2 6467
896 2 9128
897 2 9506
897 2 8198
897 2 5183
898 2 5646
898 2 10200
898 2 6526
899 2 5232
899 2 6931
899 2 6403
900 2 5063
900 2 6049
900 2 5233
901 2 8750
901 2 6406
901 2 7419
902 2 7564
902 2 6832
902 2 5237
903 2 4275
903 2 4922
903 2 10217
904 2 6217
904 2 5344
904 2 10327
905 2 9837
905 2 9642
905 2 6857
906 2 4003
906 2 4444
906 2 5224
907 2 9642
907 2 9189
907 2 7222
908 2 4140
908 2 4387
908 2 4231
909 2 8004
909 2 7361
909 2 8406
910 2 5047
910 2 7140
910 2 5150
911 2 9837
911 2 5308
911 2 6358
912 2 9629
912 2 6077
912 2 6705
913 2 5047
913 2 3827
913 2 9349
914 2 7256
914 2 5284
914 2 9141
915 2 7450
915 2 8299
915 2 8801
916 2 7391
916 2 4236
916 2 9067
917 2 4687
917 2 7140
917 2 5346
918 2 3652
918 2 4369
918 2 4240
919 2 8939
919 2 6583
919 2 6628
920 2 5744
920 2 7903
920 2 5976
921 2 3696
921 2 9600
921 2 6943
922 2 4220
922 2 8690
922 2 5976
923 2 10120
923 2 4273
923 2 8937
924 2 10164
924 2 7674
924 2 4563
925 2 8286
925 2 8854
925 2 4710
926 2 3914
926 2 7137
926 2 8461
927 2 5881
927 2 7636
927 2 9614
928 2 5741
928 2 9548
928 2 10581
929 2 10303
929 2 8183
929 2 10192
930 2 3623
930 2 7385
930 2 3671
931 2 9841
931 2 4448
931 2 7908
932 2 7757
932 2 3991
932 2 4341
933 2 4553
933 2 8635
933 2 3781
934 2 5220
934 2 4561
934 2 7635
935 2 7240
935 2 7611
935 2 4667
936 2 10537
936 2 7122
936 2 5894
937 2 9087
937 2 8096
937 2 8304
938 2 7570
938 2 6671
938 2 4296
938 2 4710
938 2 10410
939 2 6055
939 2 7005
939 2 10359
940 2 9246
940 2 7355
940 2 4259
941 2 4961
941 2 7754
941 2 10218
942 2 6704
942 2 7640
942 2 10301
942 2 5858
943 2 5637
943 2 5869
943 2 5316
944 2 5637
944 2 5773
944 2 5909
945 2 9302
945 2 9321
945 2 9286
946 2 5148
946 2 4714
946 2 3886
947 2 9470
947 2 4647
947 2 10439
948 2 5756
948 2 6285
948 2 8883
948 2 9446
948 2 7149
949 2 5078
949 2 8900
949 2 8105
950 2 5139
950 2 10537
950 2 6821
951 2 10537
951 2 7731
951 2 4438
952 2 7371
952 2 6439
952 2 6841
953 2 6841
953 2 5912
953 2 8228
954 2 6389
954 2 7140
954 2 9294
955 2 9297
955 2 8129
955 2 8830
956 2 6305
956 2 10216
956 2 8459
957 2 5523
957 2 10444
957 2 8200
958 2 9761
958 2 5530
958 2 6026
959 2 5908
959 2 9040
959 2 9244
960 2 10559
960 2 9174
960 2 8562
961 2 8717
961 2 6610
961 2 6659
962 2 10106
962 2 6042
962 2 8212
963 2 10484
963 2 4561
963 2 10153
964 2 3795
964 2 7038
964 2 4490
965 2 8183
965 2 9674
965 2 5781
966 2 9037
966 2 9220
966 2 6852
966 2 6723
967 2 5558
967 2 6520
967 2 9828
968 2 6305
968 2 3623
968 2 3671
969 2 8874
969 2 8136
969 2 7371
970 2 8839
970 2 5254
970 2 6104
971 2 9076
971 2 5748
971 2 7249
972 2 8536
972 2 9252
972 2 10157
973 2 10104
973 2 10157
973 2 7312
974 2 6961
974 2 9615
974 2 8128
975 2 6374
975 2 8459
975 2 9504
976 2 7961
976 2 10401
976 2 7404
977 2 8449
977 2 6440
977 2 7208
977 2 7945
977 2 4283
978 2 7436
978 2 6334
979 2 10497
979 2 10363
979 2 3578
980 2 10471
980 2 5144
980 2 5350
981 2 4693
981 2 3871
981 2 4624
982 2 10390
982 2 4110
982 2 5182
982 2 8268
982 2 10414
983 2 5420
983 2 5684
983 2 7096
984 2 9149
984 2 7678
984 2 7609
985 2 10539
985 2 5324
985 2 4800
986 2 8104
986 2 4081
986 2 9529
987 2 5184
987 2 7915
987 2 7932
988 2 7244
988 2 6458
988 2 6095
989 2 4687
989 2 8894
989 2 4494
990 2 8932
990 2 9193
990 2 7964
991 2 5280
991 2 8004
991 2 8157
992 2 6439
992 2 3593
992 2 6472
993 2 7450
993 2 5456
993 2 7540
994 2 5105
994 2 5085
994 2 8709
995 2 4882
995 2 5976
995 2 10577
996 2 4882
996 2 5418
996 2 10577
997 2 3961
997 2 5894
997 2 5335
998 2 6841
998 2 5912
998 2 5433
999 2 6724
999 2 5655
999 2 4227
1000 2 8399
1000 2 4450
1000 2 5386
1001 2 7140
1001 2 7508
1001 2 4445
1002 2 8416
1002 2 5785
1002 2 5195
1003 2 8889
1004 2 6550
1004 2 4322
1004 2 4115
1005 2 5976
1005 2 8466
1005 2 8074
1005 2 4119
1005 2 6259
1006 2 8902
1006 2 6445
1006 2 10406
1007 2 9106
1007 2 9603
1007 2 9447
1008 2 4714
1008 2 5114
1008 2 7963
1009 2 5114
1009 2 10418
1009 2 3715
1010 2 4552
1010 2 8002
1010 2 10415
1011 2 7888
1011 2 3830
1011 2 4964
1011 2 7243
1011 2 4901
1012 2 8882
1012 2 3658
1012 2 3985
1013 2 9381
1013 2 5393
1013 2 5555
1015 2 5920
1015 2 7518
1015 2 7861
1016 2 7880
1016 2 8230
1016 2 8030
1017 2 7602
1017 2 8980
1017 2 9385
1018 2 10104
1018 2 3652
1018 2 5848
1019 2 8926
1019 2 5424
1019 2 3938
1020 2 6076
1020 2 8187
1020 2 9110
1021 2 9718
1021 2 3619
1022 2 7879
1022 2 5179
1022 2 8669
1023 2 6249
1023 2 5990
1023 2 8927
1023 2 5949
1023 2 7196
1024 2 3714
1024 2 8365
1024 2 6752
1025 2 3582
1025 2 7419
1025 2 9011
1026 2 3892
1026 2 3843
1026 2 6845
1027 2 8477
1027 2 3583
1027 2 4300
1028 2 6407
1028 2 7933
1028 2 5337
1028 2 10006
1029 2 9009
1029 2 7165
1029 2 10484
1030 2 5154
1030 2 4745
1030 2 5878
1031 2 4275
1031 2 4891
1031 2 3733
1032 2 3780
1032 2 6420
1032 2 8854
1033 2 3825
1033 2 3710
1033 2 8012
1034 2 4167
1034 2 8761
1034 2 9982
1035 2 9022
1035 2 4989
1035 2 5957
1036 2 3940
1036 2 10347
1036 2 7690
1037 2 7786
1037 2 5222
1037 2 8551
1038 2 4340
1038 2 3806
1038 2 5225
1039 2 6310
1039 2 7728
1039 2 8156
1040 2 4575
1040 2 10198
1040 2 9890
1041 2 6023
1041 2 7916
1041 2 4467
1042 2 9338
1042 2 4474
1042 2 7811
1043 2 6023
1043 2 7207
1043 2 8739
1044 2 9246
1044 2 7034
1044 2 7403
1045 2 9717
1045 2 8157
1045 2 4468
1046 2 4756
1046 2 5350
1046 2 7540
1047 2 9126
1047 2 8759
1047 2 9139
1048 2 6095
1048 2 7534
1048 2 7974
1049 2 3927
1049 2 8882
1049 2 3672
1050 2 8627
1050 2 9307
1050 2 7567
1051 2 7807
1051 2 8710
1051 2 8153
1052 2 5934
1052 2 6927
1052 2 5608
1053 2 7992
1053 2 9252
1053 2 7961
1054 2 6095
1054 2 4522
1054 2 4740
1055 2 6023
1055 2 7916
1055 2 4467
1056 2 4373
1056 2 9748
1056 2 8641
1057 2 3726
1057 2 7058
1057 2 8627
1058 2 9246
1058 2 6796
1058 2 9036
1059 2 9717
1059 2 6892
1059 2 10187
1060 2 4318
1060 2 5399
1060 2 4349
1061 2 9656
1061 2 6531
1061 2 9420
1061 2 6553
1061 2 8779
1062 2 9991
1062 2 3618
1062 2 6737
1063 2 9824
1063 2 4221
1063 2 7250
1064 2 6472
1064 2 3924
1064 2 10324
1065 2 4857
1065 2 6823
1065 2 4402
1066 2 3623
1066 2 9246
1066 2 9252
1067 2 8064
1067 2 10361
1067 2 8977
1069 2 7337
1069 2 5123
1069 2 9730
1070 2 10169
1070 2 5505
1070 2 5363
1071 2 6986
1071 2 8072
1071 2 4054
1072 2 9246
1072 2 5372
1072 2 6431
1073 2 9246
1073 2 6796
1073 2 4497
1074 2 5139
1074 2 10537
1074 2 10232
1075 2 5280
1075 2 9530
1075 2 9609
1076 2 3679
1076 2 3728
1076 2 3776
1077 2 7189
1077 2 6107
1077 2 7427
1078 2 8767
1078 2 9297
1078 2 9304
1079 2 9485
1079 2 4382
1079 2 10398
1080 2 7981
1080 2 3595
1080 2 9064
1081 2 5954
1081 2 4097
1081 2 8557
1081 2 8089
1081 2 4145
1082 2 8888
1082 2 4388
1082 2 5681
1083 2 3969
1083 2 7635
1083 2 8157
1084 2 8005
1084 2 4928
1084 2 3557
1085 2 5120
1085 2 4474
1085 2 8054
1086 2 10106
1086 2 9125
1086 2 5724
1086 2 6185
1086 2 6202
1087 2 5139
1087 2 10537
1087 2 7880
1088 2 5687
1088 2 6978
1088 2 3662
1089 2 9337
1089 2 5475
1089 2 9303
1090 2 3875
1090 2 5260
1090 2 7245
1091 2 8627
1091 2 6472
1091 2 4569
1092 2 3883
1092 2 7822
1092 2 8706
1093 2 10504
1093 2 3672
1093 2 6301
1094 2 7241
1095 2 6310
1095 2 5523
1095 2 6893
1096 2 8694
1096 2 8241
1096 2 6168
1097 2 6179
1097 2 10430
1097 2 10096
1098 2 10038
1098 2 8821
1098 2 4813
1099 2 5947
1099 2 6022
1099 2 4586
1100 2 6845
1100 2 5026
1100 2 7398
1101 2 6310
1101 2 9688
1101 2 4926
1102 2 4792
1102 2 10472
1102 2 9204
1103 2 8871
1103 2 5387
1103 2 6226
1104 2 4349
1104 2 9570
1104 2 4864
1104 2 7228
1104 2 10005
1105 2 9104
1105 2 6389
1105 2 9858
1106 2 9246
1106 2 4693
1106 2 6840
1107 2 10476
1107 2 5675
1107 2 9374
1108 2 3780
1108 2 4603
1108 2 4170
1109 2 5746
1109 2 4756
1109 2 8406
1110 2 6472
1110 2 5614
1110 2 7513
1111 2 4645
1111 2 9536
1111 2 3919
1112 2 4475
1112 2 9054
1112 2 8966
1113 2 4678
1113 2 8198
1113 2 7529
1114 2 8015
1114 2 7262
1114 2 6685
1115 2 5774
1115 2 7221
1115 2 9835
1116 2 10191
1116 2 6914
1116 2 9328
1117 2 8379
1117 2 8593
1117 2 7809
1118 2 4675
1118 2 9626
1118 2 4715
1119 2 8767
1119 2 5793
1119 2 9890
1120 2 5976
1120 2 10370
1120 2 3877
1121 2 7783
1121 2 5756
1121 2 7997
1122 2 10526
1122 2 5744
1122 2 7672
1123 2 5895
1123 2 6736
1123 2 9503
1124 2 4524
1124 2 8795
1124 2 6312
1125 2 7575
1125 2 5086
1125 2 10049
1126 2 5711
1126 2 5908
1126 2 10078
1127 2 6179
1127 2 7508
1127 2 6954
1128 2 10526
1128 2 4645
1128 2 9667
1129 2 4687
1129 2 4688
1129 2 6465
1130 2 4569
1130 2 6301
1130 2 9802
1131 2 9212
1131 2 8216
1131 2 4672
1132 2 5306
1132 2 8676
1132 2 6649
1133 2 5443
1133 2 8015
1133 2 7529
1134 2 6023
1134 2 9626
1134 2 3729
1135 2 9705
1135 2 8894
1135 2 8129
1136 2 4089
1136 2 6871
1136 2 9373
1137 2 5220
1137 2 10187
1137 2 5390
1138 2 7165
1138 2 4891
1138 2 7552
1139 2 6080
1139 2 7796
1139 2 5097
1140 2 10303
1140 2 9773
1140 2 4880
1141 2 4217
1141 2 4659
1141 2 6400
1142 2 6919
1142 2 5982
1142 2 9532
1143 2 10196
1143 2 3936
1143 2 3845
1144 2 7595
1144 2 10436
1144 2 3879
1145 2 6379
1145 2 9036
1145 2 7361
1146 2 9626
1146 2 4687
1146 2 8162
1147 2 8767
1147 2 9297
1147 2 7245
1148 2 8452
1148 2 5068
1148 2 6030
1149 2 10505
1149 2 9748
1149 2 8946
1150 2 8101
1150 2 4185
1150 2 4467
1151 2 3547
1151 2 10310
1151 2 4466
1152 2 4715
1152 2 10087
1152 2 3767
1153 2 5687
1153 2 8200
1153 2 6103
1154 2 9721
1154 2 6005
1154 2 10241
1155 2 10434
1155 2 3765
1155 2 8635
1156 2 9717
1156 2 4553
1156 2 4533
1157 2 5019
1157 2 6625
1157 2 6775
1158 2 10232
1158 2 10042
1158 2 9269
1159 2 5019
1159 2 9436
1159 2 7120
1159 2 7466
1160 2 6413
1160 2 4390
1160 2 9480
1161 2 6361
1161 2 7852
1161 2 9347
1162 2 7397
1162 2 5059
1162 2 6074
1162 2 5042
1163 2 6783
1163 2 10286
1163 2 10392
1164 2 5076
1164 2 5944
1164 2 4749
1165 2 3914
1165 2 6821
1165 2 7964
1166 2 7992
1166 2 6078
1166 2 6012
1167 2 6685
1167 2 9348
1167 2 10128
1168 2 9858
1168 2 3819
1168 2 5276
1169 2 8714
1169 2 6676
1169 2 9177
1170 2 6583
1170 2 7646
1170 2 7400
1171 2 4247
1171 2 4077
1171 2 6093
1172 2 5724
1172 2 5579
1172 2 5211
1173 2 4247
1173 2 5392
1173 2 4774
1174 2 7208
1174 2 8607
1174 2 4386
1175 2 10388
1175 2 10542
1175 2 10236
1176 2 9246
1176 2 6682
1176 2 8522
1177 2 5934
1177 2 9286
1177 2 8956
1178 2 3765
1178 2 8950
1178 2 9738
1179 2 7807
1179 2 8452
1179 2 6883
1180 2 6994
1180 2 6057
1180 2 9254
1181 2 8088
1181 2 3699
1181 2 5961
1183 2 5934
1183 2 7536
1183 2 6044
1184 2 9098
1184 2 8427
1184 2 7838
1185 2 8039
1185 2 5523
1185 2 5728
1186 2 6578
1186 2 7508
1186 2 4047
1187 2 7274
1187 2 9796
1187 2 5409
1188 2 8522
1188 2 5502
1188 2 3774
1189 2 8716
1189 2 7026
1189 2 4284
1190 2 3964
1190 2 5766
1190 2 7176
1191 2 6284
1191 2 4180
1191 2 5266
1192 2 9736
1192 2 8910
1192 2 3969
1193 2 10195
1193 2 4912
1193 2 4655
1194 2 10214
1194 2 5135
1194 2 10039
1195 2 7650
1195 2 5180
1195 2 5507
1195 2 9382
1195 2 6083
1196 2 10469
1196 2 4798
1196 2 5120
1197 2 9796
1197 2 5704
1197 2 4200
1198 2 4520
1198 2 6533
1198 2 5514
1199 2 10526
1199 2 4891
1199 2 8778
1200 2 5886
1200 2 6581
1200 2 6805
1201 2 10555
1201 2 9119
1201 2 10362
1202 2 10489
1202 2 4369
1202 2 4240
1203 2 10518
1203 2 7567
1203 2 5060
1204 2 10518
1204 2 7567
1204 2 5060
1205 2 10518
1205 2 7567
1205 2 5060
1206 2 10518
1206 2 7567
1206 2 5060
1207 2 10518
1207 2 7567
1207 2 5060
1208 2 10518
1208 2 7567
1208 2 5060
1209 2 4919
1209 2 8286
1209 2 8205
1210 2 7391
1210 2 5403
1210 2 7714
1211 2 7391
1211 2 5403
1211 2 7714
1212 2 6976
1212 2 9889
1212 2 8610
1213 2 8286
1213 2 8093
1213 2 7706
1214 2 9879
1214 2 6758
1214 2 4069
1215 2 10115
1215 2 10221
1215 2 4105
1216 2 10201
1216 2 9879
1216 2 5709
1217 2 9125
1217 2 9304
1217 2 9449
1218 2 9449
1218 2 7708
1218 2 8418
1219 2 5116
1219 2 4127
1219 2 9727
1220 2 6305
1220 2 4857
1220 2 6389
1221 2 8939
1221 2 6310
1221 2 9573
1222 2 7499
1222 2 8009
1222 2 9939
1223 2 10157
1223 2 4822
1223 2 9090
1224 2 6131
1224 2 8531
1224 2 10265
1225 2 4919
1225 2 9125
1225 2 4029
1226 2 4857
1226 2 9297
1226 2 9716
1227 2 6611
1227 2 5890
1227 2 9390
1228 2 9554
1228 2 4623
1228 2 7778
1229 2 5139
1229 2 8136
1229 2 7570
1230 2 3671
1230 2 10471
1230 2 6431
1231 2 3815
1231 2 6388
1231 2 6195
1232 2 5096
1232 2 4369
1232 2 8321
1233 2 8783
1233 2 3995
1233 2 8670
1234 2 4797
1234 2 4961
1234 2 8490
1235 2 4891
1235 2 7782
1235 2 9472
1236 2 6976
1236 2 10505
1236 2 3780
1237 2 7167
1237 2 4173
1237 2 9705
1238 2 7337
1238 2 5123
1238 2 7146
1239 2 6076
1239 2 5549
1239 2 3605
1240 2 10361
1240 2 9090
1240 2 3850
1241 2 3659
1241 2 5072
1241 2 8734
1242 2 4486
1242 2 4882
1242 2 7511
1243 2 3940
1243 2 7034
1243 2 7786
1244 2 8536
1244 2 6919
1244 2 4029
1245 2 6625
1245 2 4987
1245 2 7735
1246 2 6189
1246 2 6742
1246 2 7975
1247 2 6652
1247 2 4229
1247 2 8912
1247 2 9384
1247 2 4168
1248 2 10466
1248 2 5142
1248 2 4885
1249 2 10121
1249 2 4572
1249 2 8493
1250 2 7371
1250 2 6439
1250 2 6841
1251 2 9850
1251 2 7252
1251 2 3971
1252 2 9036
1252 2 7509
1252 2 4279
1253 2 4777
1253 2 6328
1253 2 6916
1254 2 6319
1254 2 6323
1254 2 3901
1254 2 4178
1254 2 10572
1255 2 9334
1255 2 4605
1255 2 8542
1256 2 5292
1256 2 8239
1256 2 7405
1257 2 8574
1257 2 10091
1257 2 10592
1257 2 10175
1258 2 4773
1258 2 7730
1258 2 5049
1258 2 6981
1259 2 8286
1259 2 5390
1259 2 9928
1260 2 4566
1260 2 3798
1260 2 3719
1261 2 8939
1261 2 7635
1261 2 6440
1262 2 5026
1262 2 9352
1262 2 5073
1263 2 8531
1263 2 9548
1263 2 8208
1264 2 8015
1264 2 6994
1264 2 3606
1265 2 6481
1265 2 8977
1265 2 5282
1266 2 7048
1266 2 8371
1266 2 4436
1267 2 10149
1267 2 5456
1267 2 5068
1268 2 10598
1268 2 3803
1268 2 7617
1269 2 10106
1269 2 10045
1269 2 10274
1270 2 4492
1270 2 4672
1270 2 5653
1271 2 8600
1271 2 9653
1271 2 9926
1272 2 6198
1272 2 5561
1272 2 10113
1273 2 5874
1273 2 9866
1273 2 6519
1274 2 3579
1274 2 9501
1274 2 9725
1275 2 6906
1275 2 6598
1275 2 5302
1276 2 9515
1276 2 7017
1276 2 8065
1277 2 4318
1277 2 4693
1277 2 9739
1278 2 5746
1278 2 5280
1278 2 4756
1279 2 4653
1279 2 5063
1279 2 5237
1280 2 4583
1280 2 4141
1280 2 9026
1281 2 5108
1281 2 4134
1281 2 8793
1282 2 4175
1282 2 8690
1282 2 6958
1283 2 7019
1283 2 10379
1283 2 5189
1284 2 3623
1284 2 6994
1284 2 8212
1285 2 10400
1285 2 6437
1285 2 10199
1286 2 4011
1286 2 7452
1286 2 4843
1287 2 8251
1287 2 7184
1287 2 10255
1288 2 6042
1288 2 10115
1288 2 9807
1289 2 9635
1289 2 3814
1289 2 5061
1291 2 8474
1291 2 9581
1291 2 6225
1292 2 6148
1292 2 8011
1292 2 9332
1293 2 7482
1293 2 8496
1293 2 6260
1294 2 10303
1294 2 5357
1294 2 8997
1295 2 7121
1295 2 6629
1295 2 3599
1296 2 4781
1296 2 5210
1296 2 5830
1297 2 6131
1297 2 5352
1297 2 6420
1298 2 9789
1298 2 8668
1298 2 6135
1299 2 6701
1299 2 8070
1299 2 3753
1300 2 4507
1300 2 4590
1300 2 8730
1301 2 6614
1301 2 5322
1301 2 7014
1302 2 6023
1302 2 4259
1302 2 7844
1303 2 9601
1303 2 6484
1303 2 8454
1304 2 5991
1304 2 7984
1304 2 8455
1305 2 5568
1305 2 3720
1305 2 8038
1306 2 7962
1306 2 7191
1306 2 5029
1307 2 6493
1307 2 4495
1307 2 6119
1308 2 9625
1308 2 9755
1308 2 3714
1309 2 6543
1309 2 5117
1309 2 8300
1310 2 6766
1310 2 6607
1310 2 7674
1311 2 6614
1311 2 5443
1311 2 7019
1312 2 6845
1312 2 8357
1312 2 4857
1313 2 5443
1313 2 6420
1313 2 5077
1314 2 8884
1314 2 8394
1314 2 6511
1315 2 6796
1315 2 7440
1315 2 3813
1316 2 7981
1316 2 6193
1316 2 9518
1317 2 5886
1317 2 5567
1317 2 8797
1318 2 4173
1318 2 7950
1318 2 7136
1319 2 3731
1319 2 9984
1319 2 4769
1320 2 8943
1320 2 8564
1320 2 8283
1321 2 8362
1321 2 6468
1321 2 7663
1322 2 5895
1322 2 7587
1322 2 7373
1323 2 3882
1323 2 10201
1323 2 5696
1324 2 9524
1324 2 5505
1324 2 7112
1325 2 8266
1325 2 5369
1325 2 8326
1326 2 6284
1326 2 7450
1326 2 7252
1327 2 8997
1327 2 3681
1327 2 7127
1328 2 3606
1328 2 4797
1328 2 3918
1329 2 8402
1329 2 4846
1329 2 5897
1330 2 7391
1330 2 10363
1330 2 7401
1331 2 3835
1331 2 7895
1331 2 7960
1332 2 9337
1332 2 4185
1332 2 7118
1333 2 4369
1333 2 5724
1333 2 8347
1334 2 6378
1334 2 8994
1334 2 8469
1335 2 6076
1335 2 7457
1335 2 4073
1336 2 6521
1336 2 8042
1336 2 7548
1337 2 6524
1337 2 5178
1337 2 4772
1338 2 6485
1338 2 9830
1338 2 9801
1339 2 7463
1339 2 9970
1339 2 8450
1340 2 7686
1340 2 9095
1340 2 5226
1341 2 8101
1341 2 8054
1341 2 7314
1342 2 5502
1342 2 9981
1342 2 8822
1343 2 8328
1343 2 8365
1343 2 5055
1344 2 7137
1344 2 6585
1344 2 8822
1345 2 10333
1345 2 5093
1345 2 8035
1346 2 9880
1346 2 9598
1346 2 4130
1347 2 5251
1347 2 9973
1347 2 8908
1347 2 9697
1348 2 4318
1348 2 9470
1348 2 6699
1349 2 8242
1349 2 6581
1349 2 4563
1350 2 9081
1350 2 9217
1350 2 3640
1351 2 8531
1351 2 6919
1351 2 6845
1352 2 4784
1352 2 5084
1352 2 5722
1353 2 5502
1353 2 10399
1353 2 10563
1354 2 9560
1354 2 3966
1354 2 9424
1355 2 9554
1355 2 6503
1355 2 10484
1356 2 7160
1356 2 6218
1356 2 8796
1357 2 5776
1357 2 4623
1357 2 3969
1358 2 4497
1358 2 4961
1358 2 4257
1359 2 6531
1359 2 8958
1359 2 8131
1360 2 4812
1360 2 6042
1360 2 4407
1361 2 6431
1361 2 9988
1361 2 9911
1362 2 7286
1362 2 10072
1362 2 3592
1363 2 5125
1363 2 7122
1363 2 4407
1364 2 9698
1364 2 10209
1364 2 8575
1365 2 5703
1365 2 10606
1365 2 9089
1365 2 8616
1365 2 9723
1366 2 8273
1366 2 6313
1366 2 4321
1367 2 6741
1367 2 8531
1367 2 6976
1368 2 5441
1368 2 3752
1368 2 9457
1369 2 9662
1369 2 6140
1369 2 9372
1370 2 7634
1370 2 10480
1370 2 10201
1371 2 10434
1371 2 6305
1371 2 5267
1372 2 7040
1372 2 5131
1372 2 9599
1373 2 7993
1373 2 7818
1373 2 9293
1374 2 6771
1374 2 8063
1374 2 10187
1375 2 8363
1375 2 9061
1375 2 5813
1376 2 5096
1376 2 3875
1376 2 10354
1377 2 6379
1377 2 3969
1377 2 8089
1378 2 4278
1378 2 7593
1378 2 10069
1379 2 9942
1379 2 6042
1379 2 9036
1380 2 7512
1380 2 9524
1380 2 7252
1381 2 7992
1381 2 6906
1381 2 8201
1382 2 8202
1382 2 7389
1382 2 10458
1383 2 7355
1383 2 6605
1383 2 6512
1384 2 3552
1384 2 8045
1384 2 9770
1385 2 3895
1385 2 6498
1385 2 4002
1386 2 7274
1386 2 7763
1386 2 7231
1387 2 8111
1387 2 7122
1387 2 8716
1388 2 3815
1388 2 4293
1388 2 8205
1389 2 3873
1389 2 9669
1389 2 7102
1390 2 9636
1390 2 6976
1390 2 9338
1391 2 10106
1391 2 7512
1391 2 10318
1392 2 4681
1392 2 6478
1392 2 4408
1393 2 8362
1393 2 6639
1393 2 3698
1394 2 4631
1394 2 4561
1394 2 6058
1395 2 3724
1395 2 4693
1395 2 4098
1396 2 10082
1396 2 7384
1396 2 10070
1397 2 6023
1397 2 5886
1397 2 5724
1398 2 9918
1398 2 5306
1398 2 8314
1399 2 3671
1399 2 9626
1399 2 9609
1400 2 7286
1400 2 6418
1400 2 9204
1401 2 3906
1401 2 8525
1401 2 3904
1402 2 5249
1402 2 5330
1402 2 7199
1403 2 6748
1403 2 7371
1403 2 10184
1404 2 3914
1404 2 3671
1404 2 5380
1405 2 8536
1405 2 5776
1405 2 7831
1406 2 7385
1406 2 9470
1406 2 5968
1407 2 5046
1407 2 4259
1407 2 4012
1408 2 8406
1408 2 4474
1408 2 3991
1409 2 8496
1409 2 10318
1409 2 10400
1410 2 9975
1410 2 3790
1410 2 3836
1411 2 8286
1411 2 6611
1411 2 6682
1412 2 8183
1412 2 9636
1412 2 5077
1413 2 9879
1413 2 7432
1413 2 7842
1414 2 6614
1414 2 9636
1414 2 8522
1415 2 6468
1415 2 5024
1415 2 8348
1416 2 4089
1416 2 3606
1416 2 5220
1417 2 5920
1417 2 6748
1417 2 7509
1418 2 8853
1418 2 8697
1418 2 4658
1419 2 6741
1419 2 7371
1419 2 10492
1420 2 7893
1420 2 6970
1420 2 6664
1421 2 4081
1421 2 6808
1421 2 5477
1422 2 8455
1422 2 4153
1422 2 7483
1423 2 10192
1423 2 9237
1423 2 7907
1424 2 3635
1424 2 8036
1424 2 5142
1425 2 4183
1425 2 7105
1425 2 5765
1426 2 3882
1426 2 6615
1426 2 9576
1427 2 3623
1427 2 7286
1427 2 4563
1428 2 9340
1428 2 4532
1428 2 6952
1429 2 10115
1429 2 3832
1429 2 4978
1430 2 7078
1430 2 8668
1430 2 10242
1431 2 4955
1431 2 5799
1431 2 9351
1432 2 6611
1432 2 3662
1432 2 7796
1433 2 4260
1433 2 7355
1433 2 8091
1434 2 6714
1434 2 8483
1434 2 9012
1435 2 7103
1435 2 5475
1435 2 10293
1436 2 8759
1436 2 5553
1436 2 5366
1437 2 9426
1437 2 8882
1437 2 6756
1438 2 6197
1438 2 8996
1438 2 10370
1439 2 4165
1439 2 6924
1439 2 5291
1440 2 6131
1440 2 5502
1440 2 4407
1441 2 4280
1441 2 9679
1441 2 3934
1442 2 9548
1442 2 7175
1442 2 8098
1443 2 5116
1443 2 4922
1443 2 4743
1444 2 6697
1444 2 10274
1444 2 7546
1445 2 6832
1445 2 6019
1445 2 4170
1446 2 5948
1446 2 10363
1446 2 3721
1446 2 6333
1446 2 10306
1447 2 8874
1447 2 6931
1447 2 9440
1448 2 3750
1448 2 7807
1448 2 7908
1449 2 6976
1449 2 3634
1449 2 5260
1450 2 10466
1450 2 7454
1450 2 8452
1451 2 9512
1451 2 8646
1451 2 8408
1452 2 10539
1452 2 9806
1452 2 7903
1453 2 10106
1453 2 8245
1453 2 4624
1454 2 4919
1454 2 4710
1454 2 8037
1455 2 7137
1455 2 7950
1455 2 4389
1456 2 6023
1456 2 7754
1456 2 7312
1457 2 6249
1457 2 6503
1457 2 10075
1458 2 5155
1458 2 4479
1458 2 5101
1459 2 6076
1459 2 6420
1459 2 7457
1460 2 9971
1460 2 9417
1460 2 7394
1461 2 9596
1461 2 4801
1461 2 7493
1462 2 5972
1462 2 6916
1462 2 6878
1463 2 9334
1463 2 6417
1463 2 9966
1464 2 6701
1464 2 5280
1464 2 7503
1465 2 6080
1465 2 7651
1465 2 3690
1466 2 10317
1466 2 8461
1466 2 8206
1467 2 7103
1467 2 6568
1467 2 4710
1468 2 9136
1468 2 4015
1468 2 4265
1469 2 4369
1469 2 9136
1469 2 9716
1470 2 4678
1470 2 6845
1470 2 8101
1471 2 8854
1471 2 6763
1471 2 4170
1472 2 9717
1472 2 10526
1472 2 5179
1474 2 3914
1474 2 8063
1474 2 5165
1475 2 9252
1475 2 10139
1475 2 8729
1476 2 8274
1476 2 8962
1476 2 10304
1477 2 4760
1477 2 7710
1477 2 8297
1478 2 9828
1478 2 5548
1478 2 5275
1479 2 10537
1479 2 7112
1479 2 7118
1480 2 9337
1480 2 4681
1480 2 7833
1481 2 10089
1481 2 7423
1481 2 6513
1482 2 9337
1482 2 4081
1482 2 8037
1483 2 3686
1483 2 8602
1483 2 9489
1484 2 7385
1484 2 6845
1484 2 6317
1485 2 8472
1485 2 7532
1485 2 10332
1485 2 8082
1485 2 5430
1486 2 5556
1486 2 6491
1486 2 5289
1487 2 4797
1487 2 4961
1487 2 8490
1488 2 8277
1488 2 4352
1488 2 9861
1489 2 6195
1489 2 9579
1489 2 4403
1490 2 7240
1490 2 7570
1490 2 4195
1491 2 8939
1491 2 7034
1491 2 8290
1492 2 6369
1492 2 7056
1492 2 9977
1493 2 7482
1493 2 7361
1493 2 10479
1494 2 9524
1494 2 7436
1494 2 9297
1495 2 5416
1495 2 8935
1495 2 9684
1496 2 9548
1496 2 8652
1496 2 9256
1497 2 10012
1497 2 5974
1497 2 10273
1498 2 7595
1498 2 7308
1498 2 8042
1499 2 7137
1499 2 6578
1499 2 6873
1500 2 8522
1500 2 7479
1500 2 7146
1501 2 5824
1501 2 8291
1501 2 6558
1502 2 5475
1502 2 5972
1502 2 5997
1503 2 6728
1503 2 6177
1503 2 7693
1504 2 9515
1504 2 5458
1504 2 8023
1505 2 4884
1505 2 8470
1505 2 6244
1506 2 9609
1506 2 10497
1506 2 6151
1507 2 7962
1507 2 5041
1507 2 4255
1508 2 9246
1508 2 3882
1508 2 5260
1509 2 7391
1509 2 10505
1509 2 9460
1510 2 3860
1510 2 7001
1510 2 7468
1511 2 7068
1511 2 6810
1511 2 3687
1512 2 4645
1512 2 8406
1512 2 9026
1513 2 5951
1513 2 4951
1513 2 6698
1514 2 6873
1514 2 5120
1514 2 5220
1515 2 7230
1515 2 4861
1515 2 9897
1516 2 4331
1516 2 4693
1516 2 6606
1516 2 9477
1517 2 9460
1517 2 4491
1517 2 8606
1518 2 3635
1518 2 8804
1518 2 5538
1519 2 8106
1519 2 5412
1519 2 8118
1520 2 10257
1520 2 5513
1520 2 3911
1521 2 7103
1521 2 6622
1521 2 5940
1522 2 8362
1522 2 8245
1522 2 4593
1523 2 9465
1523 2 6480
1523 2 3993
1524 2 8303
1524 2 7151
1524 2 4866
1525 2 6873
1525 2 4857
1525 2 10433
1526 2 9698
1526 2 7204
1526 2 7462
1527 2 3576
1527 2 5254
1527 2 4661
1528 2 9674
1528 2 9548
1528 2 5260
1529 2 9672
1529 2 8247
1529 2 6027
1530 2 8810
1530 2 7001
1530 2 6776
1531 2 10539
1531 2 5357
1531 2 5863
1532 2 5920
1532 2 6310
1532 2 6075
1533 2 7512
1533 2 4693
1533 2 4971
1534 2 8618
1535 2 5526
1535 2 4854
1535 2 4868
1536 2 5746
1536 2 9918
1536 2 8767
1538 2 6992
1538 2 9348
1538 2 9931
1539 2 6892
1539 2 6504
1539 2 5547
1540 2 5458
1540 2 8023
1540 2 9514
1540 2 4372
1540 2 5091
1541 2 8041
1541 2 8068
1541 2 9664
1542 2 7613
1542 2 7607
1542 2 5229
1543 2 6682
1543 2 6992
1543 2 5972
1544 2 9635
1544 2 5099
1544 2 4693
1545 2 6919
1545 2 7570
1545 2 6634
1546 2 5475
1546 2 8063
1546 2 9739
1547 2 7355
1547 2 8039
1547 2 8490
1548 2 5744
1548 2 4575
1548 2 10235
1549 2 10359
1549 2 6808
1549 2 8403
1550 2 9963
1551 2 5416
1551 2 6976
1551 2 7262
1552 2 9336
1552 2 6104
1552 2 8229
1553 2 4871
1553 2 7059
1553 2 10119
1554 2 4667
1554 2 9090
1554 2 7136
1555 2 9249
1555 2 6055
1555 2 8462
1556 2 7509
1556 2 5309
1556 2 7001
1557 2 6605
1557 2 8775
1557 2 7195
1558 2 8787
1558 2 9863
1558 2 3550
1559 2 7308
1559 2 4180
1559 2 5997
1560 2 7500
1560 2 7839
1561 2 5789
1561 2 9702
1561 2 10260
1562 2 8218
1562 2 5338
1562 2 4859
1563 2 5895
1563 2 6634
1563 2 7792
1564 2 8177
1564 2 9043
1564 2 5157
1565 2 5724
1565 2 10505
1565 2 8044
1566 2 10583
1566 2 9470
1566 2 7335
1567 2 3671
1567 2 4369
1567 2 8343
1568 2 4412
1568 2 9190
1568 2 9065
1569 2 8531
1569 2 8101
1569 2 3781
1570 2 4592
1570 2 4602
1570 2 7230
1571 2 10434
1571 2 6305
1571 2 9163
1572 2 4185
1572 2 7252
1572 2 5845
1573 2 5120
1573 2 8347
1573 2 9033
1574 2 7337
1574 2 9249
1574 2 5399
1575 2 7621
1575 2 8239
1575 2 3578
1576 2 6510
1576 2 7616
1576 2 5572
1577 2 4175
1577 2 4094
1577 2 9492
1578 2 9046
1578 2 7263
1578 2 4558
1579 2 6873
1579 2 6699
1579 2 7953
1580 2 10074
1580 2 9825
1580 2 7247
1581 2 7955
1581 2 8378
1581 2 8193
1582 2 9639
1582 2 4665
1582 2 5760
1583 2 9492
1583 2 4787
1583 2 4697
1584 2 6499
1584 2 5038
1584 2 8345
1585 2 9125
1585 2 6603
1585 2 8464
1586 2 8512
1586 2 4800
1586 2 7447
1587 2 8064
1587 2 4488
1587 2 4947
1588 2 6319
1588 2 9158
1588 2 8342
1589 2 6133
1589 2 3560
1589 2 3598
1590 2 6444
1590 2 8799
1590 2 5527
1591 2 9306
1591 2 3804
1591 2 8815
1592 2 8212
1592 2 8463
1592 2 7842
1593 2 9601
1593 2 5110
1593 2 4791
1594 2 9885
1594 2 4803
1594 2 6292
1595 2 10537
1595 2 7598
1595 2 9753
1596 2 7714
1596 2 7950
1596 2 4650
1597 2 9884
1597 2 6462
1597 2 4479
1598 2 8717
1598 2 9027
1598 2 8099
1599 2 4271
1599 2 8846
1599 2 5290
1600 2 10044
1600 2 3680
1600 2 3948
1601 2 9237
1601 2 7162
1601 2 6412
1602 2 7613
1602 2 10293
1602 2 4710
1602 2 5766
1602 2 6004
1603 2 4278
1603 2 6756
1603 2 7716
1604 2 8668
1604 2 10211
1604 2 7663
1605 2 10282
1605 2 9252
1605 2 5353
1606 2 7880
1606 2 7248
1606 2 8164
1607 2 6338
1607 2 5258
1607 2 10199
1608 2 7350
1608 2 4618
1608 2 6201
1609 2 9529
1609 2 7252
1609 2 8372
1610 2 4474
1610 2 6669
1610 2 3782
1611 2 6531
1611 2 8054
1611 2 7861
1612 2 5991
1612 2 10444
1612 2 7410
1613 2 6994
1613 2 4098
1613 2 10132
1614 2 4653
1614 2 7981
1614 2 7663
1615 2 8032
1615 2 3916
1615 2 5941
1616 2 4605
1616 2 4236
1616 2 8065
1617 2 9554
1617 2 5744
1617 2 6029
1618 2 9796
1618 2 9936
1618 2 7860
1619 2 6961
1619 2 8452
1619 2 9493
1620 2 8660
1620 2 8743
1620 2 4607
1621 2 8183
1621 2 5972
1621 2 10354
1622 2 9949
1622 2 9989
1622 2 6153
1623 2 6023
1623 2 3882
1623 2 5038
1624 2 6615
1624 2 5474
1624 2 4559
1625 2 4220
1625 2 5357
1625 2 6682
1626 2 8692
1626 2 8998
1626 2 3746
1627 2 8996
1627 2 4491
1627 2 3859
1628 2 8273
1628 2 4085
1628 2 8753
1629 2 3760
1629 2 4014
1629 2 8434
1629 2 9092
1629 2 5535
1630 2 8468
1630 2 7209
1630 2 8720
1631 2 7778
1631 2 6605
1631 2 6235
1632 2 4691
1632 2 4579
1632 2 9972
1632 2 9339
1632 2 9074
1633 2 8668
1633 2 10073
1633 2 6424
1634 2 5443
1634 2 3871
1634 2 4602
1635 2 5292
1635 2 8355
1635 2 4012
1636 2 4978
1636 2 8373
1636 2 4597
1636 2 9205
1637 2 4279
1637 2 8877
1637 2 3932
1638 2 5292
1638 2 8635
1638 2 8830
1639 2 6614
1639 2 5776
1639 2 10379
1640 2 8991
1640 2 3891
1640 2 10395
1641 2 3566
1641 2 5491
1641 2 6236
1642 2 7832
1642 2 7573
1642 2 6563
1643 2 4653
1643 2 10363
1643 2 4086
1644 2 4369
1644 2 4180
1644 2 4081
1645 2 6796
1645 2 8111
1645 2 4922
1646 2 5567
1646 2 8547
1646 2 6045
1647 2 7422
1647 2 5935
1647 2 4975
1648 2 9627
1648 2 7931
1648 2 4092
1649 2 7680
1649 2 4509
1649 2 5661
1650 2 8039
1650 2 4094
1650 2 4407
1651 2 5936
1651 2 10170
1651 2 8397
1652 2 4716
1652 2 4516
1652 2 9102
1653 2 4128
1653 2 3841
1653 2 4543
1654 2 7600
1654 2 7726
1654 2 6991
1655 2 6237
1655 2 9123
1655 2 5470
1656 2 6747
1656 2 5938
1656 2 6820
1657 2 5138
1657 2 4759
1657 2 10295
1658 2 4544
1658 2 4724
1658 2 5575
1659 2 10514
1659 2 8426
1659 2 7752
1660 2 8766
1660 2 5702
1660 2 7072
1661 2 6421
1661 2 7653
1661 2 6522
1662 2 10436
1662 2 8072
1662 2 3863
1663 2 10436
1663 2 5916
1663 2 10021
1664 2 4054
1664 2 4196
1664 2 5606
1665 2 9040
1665 2 6467
1665 2 8930
1666 2 4869
1666 2 8426
1666 2 5667
1667 2 6869
1667 2 5934
1667 2 5232
1668 2 7514
1668 2 6535
1668 2 6905
1669 2 4334
1669 2 6895
1669 2 6759
1670 2 6421
1670 2 4569
1670 2 4138
1671 2 5078
1671 2 4388
1671 2 8405
1672 2 7961
1672 2 7534
1672 2 7221
1673 2 5456
1673 2 4129
1673 2 5472
1674 2 8459
1674 2 5775
1674 2 9109
1675 2 3662
1675 2 9928
1675 2 5779
1676 2 9304
1676 2 8778
1676 2 10455
1677 2 9347
1677 2 9716
1677 2 10446
1678 2 7929
1678 2 9398
1678 2 9666
1679 2 5260
1679 2 7019
1679 2 9944
1680 2 5746
1680 2 9449
1680 2 5539
1681 2 9942
1681 2 9965
1681 2 4390
1682 2 8136
1682 2 5260
1682 2 6453
1682 2 7179
1682 2 6142
1683 2 5220
1683 2 8016
1683 2 7101
1684 2 4084
1684 2 6191
1684 2 8503
1685 2 6310
1685 2 5082
1685 2 9705
1686 2 8136
1686 2 9297
1686 2 7426
1687 2 6910
1687 2 6745
1687 2 8882
1688 2 10157
1688 2 5260
1688 2 10307
1689 2 4857
1689 2 6685
1689 2 8406
1690 2 10537
1690 2 6473
1690 2 7830
1691 2 5220
1691 2 6458
1691 2 4526
1692 2 5403
1692 2 6030
1692 2 10251
1693 2 4602
1693 2 4464
1693 2 5312
1694 2 6607
1694 2 4965
1694 2 10134
1695 2 5403
1695 2 8395
1695 2 7102
1696 2 9254
1696 2 7934
1696 2 7406
1696 2 9301
1696 2 4763
1697 2 6057
1697 2 9254
1697 2 4815
1698 2 9254
1698 2 9353
1698 2 6822
1699 2 9254
1700 2 9254
1700 2 7670
1700 2 9709
1701 2 4131
1701 2 3594
1701 2 6570
1702 2 4131
1702 2 3771
1702 2 6866
1703 2 4874
1703 2 10253
1703 2 9112
1704 2 5448
1704 2 7106
1704 2 8825
1705 2 8185
1705 2 10085
1705 2 6034
1705 2 10176
1706 2 10061
1706 2 6608
1706 2 4998
1707 2 6833
1707 2 5134
1707 2 7200
1707 2 5370
1708 2 7200
1708 2 6630
1708 2 10140
1709 2 6439
1709 2 5219
1709 2 10226
1710 2 6439
1710 2 5219
1710 2 4531
1711 2 10150
1711 2 9768
1711 2 4867
1712 2 5219
1712 2 5388
1712 2 4913
1713 2 5219
1713 2 5388
1713 2 4074
1714 2 7595
1714 2 6439
1714 2 4478
1715 2 8197
1715 2 7667
1715 2 10457
1716 2 8539
1716 2 6281
1716 2 7098
1717 2 4628
1717 2 4487
1717 2 3693
1718 2 6625
1718 2 3693
1718 2 5842
1719 2 7185
1719 2 8819
1719 2 6641
1720 2 6739
1720 2 6062
1720 2 4814
1721 2 6739
1721 2 6062
1721 2 4814
1722 2 8440
1722 2 10187
1722 2 6062
1723 2 5383
1723 2 8089
1723 2 7631
1724 2 7728
1724 2 7631
1724 2 9115
1725 2 5774
1725 2 4255
1725 2 5279
1726 2 8111
1726 2 5709
1726 2 4922
1727 2 6796
1727 2 8111
1727 2 4922
1728 2 6796
1728 2 8111
1728 2 4922
1729 2 8932
1729 2 10588
1729 2 6154
1730 2 8932
1730 2 10588
1730 2 6152
1731 2 9624
1731 2 7075
1731 2 6580
1732 2 3914
1732 2 3940
1732 2 4496
1733 2 5687
1733 2 7552
1733 2 4710
1734 2 5863
1734 2 4195
1734 2 4639
1735 2 4569
1735 2 5320
1735 2 7545
1736 2 4323
1736 2 3711
1736 2 5959
1737 2 4678
1737 2 8198
1737 2 7529
1738 2 8014
1738 2 4678
1738 2 8198
1739 2 5746
1739 2 5456
1739 2 9690
1740 2 6439
1740 2 7647
1740 2 7917
1741 2 5646
1741 2 8443
1741 2 7289
1742 2 10099
1742 2 5196
1742 2 10092
1743 2 9034
1743 2 10205
1743 2 3893
1744 2 6010
1744 2 9775
1744 2 4235
1745 2 10245
1745 2 9960
1745 2 7293
1746 2 8286
1746 2 6919
1746 2 5886
1747 2 10388
1747 2 7454
1747 2 5570
1748 2 6042
1748 2 10484
1748 2 8744
1749 2 5139
1749 2 3623
1749 2 3815
1750 2 8353
1750 2 8700
1750 2 4945
1751 2 6634
1751 2 8119
1751 2 5181
1752 2 8526
1752 2 6405
1752 2 7269
1753 2 7683
1753 2 6512
1753 2 4650
1754 2 10164
1754 2 10186
1754 2 8037
1755 2 9628
1755 2 4261
1755 2 3963
1756 2 5063
1756 2 10232
1756 2 9561
1756 2 6788
1756 2 6392
1757 2 7450
1757 2 6788
1757 2 6035
1758 2 5915
1758 2 5658
1758 2 9920
1759 2 3924
1759 2 8091
1759 2 9256
1760 2 5063
1760 2 8896
1760 2 9933
1761 2 6416
1761 2 4292
1761 2 7211
1762 2 6771
1762 2 5021
1762 2 6073
1763 2 7321
1763 2 9561
1763 2 6035
1764 2 7450
1764 2 6788
1764 2 4508
1765 2 4024
1765 2 8607
1765 2 8174
1766 2 5403
1766 2 7258
1766 2 8257
1767 2 9626
1767 2 3668
1767 2 6475
1768 2 5390
1768 2 4160
1768 2 9908
1769 2 6317
1769 2 9067
1769 2 5474
1770 2 6807
1770 2 8772
1770 2 4752
1771 2 10425
1771 2 8059
1771 2 7210
1772 2 10301
1772 2 10371
1772 2 4050
1773 2 5646
1773 2 5916
1773 2 10206
1774 2 4545
1774 2 9832
1774 2 4762
1775 2 5196
1775 2 5063
1775 2 7158
1776 2 9573
1776 2 7266
1776 2 4134
1777 2 9184
1777 2 7834
1777 2 9291
1778 2 8040
1778 2 9184
1778 2 7834
1779 2 4941
1779 2 6705
1779 2 7216
1780 2 5808
1780 2 8075
1780 2 6049
1781 2 10615
1781 2 6854
1781 2 10208
1782 2 7385
1782 2 5018
1782 2 9548
1783 2 5116
1783 2 8465
1783 2 7647
1784 2 10263
1784 2 8051
1784 2 5133
1785 2 9187
1785 2 7322
1785 2 3768
1786 2 8357
1786 2 10192
1786 2 5553
1787 2 9560
1787 2 10367
1787 2 5625
1788 2 8218
1788 2 9358
1788 2 9094
1789 2 8138
1789 2 6581
1789 2 4915
1790 2 7419
1790 2 9286
1790 2 6460
1791 2 7146
1791 2 8621
1791 2 5833
1792 2 4124
1792 2 8818
1792 2 7437
1793 2 6883
1793 2 5837
1793 2 4431
1794 2 9252
1794 2 10042
1794 2 4135
1795 2 8064
1795 2 3634
1795 2 8700
1796 2 10164
1796 2 4467
1796 2 4351
1797 2 7361
1797 2 7102
1797 2 9528
1798 2 5159
1798 2 4567
1798 2 8923
1798 2 5691
1798 2 5876
1799 2 7426
1799 2 6216
1799 2 7441
1800 2 7454
1800 2 5111
1800 2 6254
1801 2 6845
1801 2 8132
1801 2 6573
1802 2 8909
1802 2 9642
1802 2 7724
1803 2 6403
1803 2 8851
1803 2 4116
1804 2 4036
1804 2 7494
1804 2 8806
1805 2 6769
1805 2 9545
1805 2 9080
1806 2 7092
1806 2 5403
1806 2 7476
1807 2 8162
1807 2 4954
1807 2 9865
1808 2 4635
1808 2 4175
1808 2 9252
1809 2 5886
1809 2 6581
1809 2 6805
1810 2 8014
1810 2 6030
1810 2 5708
1811 2 4231
1811 2 7256
1811 2 6003
1812 2 9337
1812 2 9688
1812 2 9045
1813 2 6832
1813 2 5488
1813 2 4223
1814 2 5488
1814 2 5837
1814 2 4223
1815 2 4133
1815 2 4677
1815 2 7408
1816 2 6485
1816 2 6577
1816 2 5858
1816 2 7028
1817 2 8530
1817 2 5510
1817 2 6527
1818 2 3635
1818 2 6607
1818 2 4182
1819 2 5063
1819 2 10092
1819 2 9933
1820 2 5344
1820 2 8003
1820 2 4176
1821 2 8006
1821 2 9121
1821 2 6345
1822 2 5646
1822 2 8443
1822 2 7289
1823 2 4231
1823 2 6358
1823 2 9488
1824 2 10164
1824 2 4947
1824 2 5483
1825 2 7811
1825 2 3566
1825 2 9687
1826 2 10424
1827 2 8717
1827 2 8606
1827 2 9355
1828 2 8039
1828 2 8102
1828 2 6722
1829 2 6578
1829 2 4346
1829 2 5052
1830 2 4635
1830 2 5617
1830 2 9303
1831 2 6439
1831 2 7079
1831 2 3564
1832 2 9857
1832 2 9126
1832 2 10352
1833 2 9857
1833 2 4114
1833 2 4499
1834 2 9857
1834 2 8995
1834 2 3647
1835 2 9857
1835 2 7254
1835 2 5052
1836 2 9857
1836 2 7371
1836 2 4922
1837 2 9821
1837 2 4958
1837 2 7316
1838 2 8039
1838 2 9010
1838 2 4399
1839 2 6023
1839 2 7232
1839 2 7285
1840 2 4671
1840 2 10520
1840 2 8253
1841 2 5486
1841 2 3897
1841 2 4956
1842 2 4693
1842 2 10187
1842 2 4336
1843 2 5403
1843 2 8679
1843 2 7501
1844 2 5280
1844 2 4240
1844 2 8089
1845 2 5085
1845 2 4895
1845 2 4929
1846 2 8862
1846 2 7635
1846 2 8979
1847 2 5170
1847 2 4389
1847 2 7693
1848 2 3843
1848 2 4678
1848 2 9032
1849 2 3843
1849 2 5254
1849 2 5250
1850 2 8531
1850 2 5728
1850 2 6883
1851 2 9268
1851 2 5874
1851 2 8462
1852 2 8208
1852 2 9529
1852 2 9866
1853 2 7851
1853 2 8665
1853 2 10608
1853 2 4245
1854 2 9918
1854 2 4388
1854 2 7239
1855 2 6230
1855 2 7675
1855 2 7551
1856 2 5377
1856 2 9115
1856 2 5812
1857 2 5357
1857 2 7298
1857 2 7798
1858 2 3921
1858 2 6215
1858 2 7307
1859 2 9091
1859 2 9535
1859 2 3923
1860 2 6655
1860 2 9795
1860 2 5089
1861 2 5072
1861 2 6096
1861 2 8752
1862 2 6892
1862 2 9111
1862 2 9013
1863 2 5170
1863 2 5123
1863 2 5368
1864 2 5609
1864 2 6712
1864 2 7261
1865 2 4687
1865 2 5170
1865 2 5447
1866 2 3765
1866 2 6421
1866 2 6841
1867 2 10093
1867 2 8140
1867 2 10157
1868 2 8395
1868 2 7179
1868 2 3921
1869 2 8395
1869 2 6030
1869 2 7002
1870 2 5096
1870 2 3795
1870 2 9209
1871 2 4947
1871 2 6417
1871 2 8657
1872 2 3828
1872 2 10459
1872 2 8658
1873 2 3989
1873 2 7039
1873 2 9452
1874 2 7904
1874 2 9557
1874 2 8431
1875 2 8431
1875 2 7549
1875 2 6007
1876 2 4834
1876 2 7389
1876 2 10092
1877 2 6134
1877 2 4828
1877 2 6194
1878 2 3825
1878 2 10471
1878 2 9993
1880 2 8123
1880 2 8411
1880 2 9070
1881 2 9381
1881 2 3608
1881 2 8615
1882 2 8811
1882 2 8479
1882 2 8320
1883 2 10293
1883 2 5652
1883 2 7866
1884 2 8138
1884 2 6838
1884 2 9485
1885 2 8571
1885 2 4049
1885 2 9969
1886 2 7023
1886 2 7343
1886 2 4722
1887 2 4706
1887 2 6797
1887 2 5904
1888 2 5698
1888 2 9261
1888 2 4052
1889 2 4094
1889 2 3762
1889 2 3552
1890 2 6766
1890 2 3882
1890 2 10359
1891 2 10466
1891 2 9807
1891 2 7432
1892 2 7432
1892 2 10318
1892 2 4573
1893 2 10162
1893 2 7954
1893 2 8959
1894 2 7595
1894 2 7307
1894 2 9120
1895 2 6135
1895 2 3642
1895 2 8921
1896 2 7422
1896 2 5696
1896 2 7767
1897 2 4357
1897 2 4611
1897 2 5994
1898 2 5741
1898 2 3671
1898 2 8205
1899 2 9806
1899 2 10350
1899 2 10317
1900 2 6421
1900 2 6849
1900 2 5517
1901 2 4351
1901 2 7208
1901 2 4028
1902 2 7006
1902 2 4055
1902 2 4035
1903 2 5663
1903 2 4932
1903 2 6980
1904 2 8767
1904 2 7140
1904 2 7620
1905 2 9626
1905 2 10128
1905 2 7982
1906 2 6095
1906 2 10324
1906 2 3926
1907 2 6421
1907 2 5227
1907 2 4276
1908 2 9705
1908 2 6860
1908 2 5299
1909 2 3876
1909 2 7221
1909 2 8405
1910 2 5517
1910 2 9316
1910 2 9487
1911 2 7959
1911 2 6467
1911 2 9173
1912 2 9515
1912 2 8490
1912 2 9493
1913 2 4514
1913 2 10171
1913 2 9171
1914 2 5991
1914 2 10400
1914 2 7546
1915 2 6080
1915 2 9126
1915 2 7133
1916 2 9584
1916 2 7887
1916 2 9539
1917 2 10303
1917 2 6763
1917 2 10448
1918 2 3815
1918 2 9626
1918 2 7361
1918 2 4189
1919 2 8580
1919 2 6318
1919 2 3988
1920 2 6543
1920 2 9215
1920 2 7546
1921 2 9806
1921 2 9755
1921 2 5174
1922 2 3981
1922 2 3597
1922 2 4423
1923 2 4544
1923 2 5934
1923 2 3848
1924 2 10438
1924 2 9967
1924 2 6887
1925 2 7058
1925 2 10021
1925 2 7775
1926 2 9244
1926 2 8966
1926 2 8637
1927 2 4452
1927 2 9287
1927 2 5751
1928 2 4475
1928 2 6749
1928 2 4504
1929 2 4544
1929 2 8072
1929 2 9290
1930 2 8750
1930 2 7846
1930 2 8240
1931 2 8591
1931 2 5126
1931 2 8817
1932 2 9947
1932 2 8631
1932 2 5130
1933 2 7781
1933 2 9321
1933 2 6871
1934 2 8871
1934 2 7585
1934 2 5300
1935 2 6203
1936 2 6109
1936 2 8578
1936 2 8936
1937 2 9565
1937 2 3902
1937 2 6911
1938 2 6433
1938 2 7625
1938 2 5899
1939 2 3714
1939 2 6135
1939 2 9665
1940 2 5324
1940 2 8037
1940 2 5940
1941 2 8076
1941 2 8539
1941 2 4993
1942 2 7068
1942 2 3991
1942 2 6199
1943 2 5220
1943 2 8403
1943 2 4184
1944 2 5539
1944 2 5849
1944 2 9706
1945 2 4353
1945 2 7786
1945 2 3591
1946 2 8039
1946 2 4619
1946 2 3565
1947 2 3795
1947 2 9209
1947 2 6327
1948 2 8717
1948 2 6439
1948 2 4399
1949 2 6131
1949 2 10505
1949 2 3659
1950 2 6748
1950 2 9925
1950 2 5083
1951 2 6023
1951 2 9717
1951 2 8119
1952 2 4891
1952 2 6030
1952 2 7346
1953 2 8286
1953 2 3671
1953 2 8748
1954 2 6845
1954 2 6918
1954 2 6235
1955 2 9857
1955 2 9184
1955 2 6748
1956 2 6682
1956 2 7262
1956 2 3959
1957 2 6748
1957 2 8854
1957 2 8337
1958 2 5741
1958 2 3815
1958 2 5260
1959 2 9337
1959 2 6748
1959 2 8187
1960 2 9640
1960 2 8216
1960 2 5714
1961 2 5096
1961 2 9257
1961 2 7736
1962 2 5096
1962 2 7002
1962 2 5821
1963 2 7540
1963 2 10109
1963 2 9708
1963 2 4820
1963 2 5794
1964 2 8162
1964 2 7057
1964 2 10309
1965 2 5096
1965 2 5403
1965 2 10187
1966 2 5096
1966 2 6845
1966 2 7642
1967 2 5096
1967 2 6697
1967 2 9209
1968 2 5096
1968 2 7189
1968 2 8157
1969 2 9246
1969 2 5096
1969 2 9636
1970 2 6832
1970 2 4857
1970 2 4583
1971 2 5096
1971 2 5781
1971 2 6581
1972 2 5096
1972 2 5890
1972 2 4369
1973 2 5096
1973 2 6310
1973 2 10157
1974 2 10539
1974 2 5096
1974 2 9297
1975 2 4094
1975 2 7853
1975 2 6514
1976 2 8136
1976 2 10505
1976 2 9090
1977 2 4631
1977 2 6319
1977 2 7327
1978 2 6595
1978 2 7181
1978 2 7399
1979 2 7432
1979 2 4029
1979 2 7541
1980 2 9246
1980 2 6531
1980 2 8461
1981 2 6481
1981 2 3725
1981 2 9062
1982 2 6766
1982 2 6468
1982 2 10359
1983 2 5099
1983 2 6193
1983 2 6486
1984 2 4653
1984 2 5319
1984 2 4127
1985 2 6919
1985 2 5082
1985 2 4412
1986 2 9643
1986 2 8566
1986 2 9006
1987 2 7807
1987 2 5053
1987 2 9176
1988 2 6076
1988 2 8894
1988 2 5047
1989 2 5299
1989 2 6428
1989 2 6754
1990 2 7299
1990 2 7450
1990 2 10474
1991 2 10104
1991 2 5939
1991 2 5652
1992 2 10537
1992 2 6681
1992 2 4567
1993 2 10526
1993 2 6994
1993 2 5144
1994 2 9067
1994 2 4661
1994 2 8775
1994 2 9580
1995 2 7992
1995 2 6864
1995 2 9618
1996 2 9674
1996 2 5746
1996 2 10537
1997 2 9789
1997 2 8606
1997 2 10417
1998 2 4614
1998 2 10477
1998 2 9030
1999 2 9337
1999 2 3871
1999 2 4822
2000 2 8894
2000 2 9288
2000 2 4786
2001 2 5756
2001 2 10600
2001 2 5149
2001 2 7340
2001 2 5471
2002 2 8108
2002 2 5929
2002 2 5170
2003 2 6796
2003 2 7903
2003 2 9010
2004 2 7297
2004 2 7208
2004 2 9407
2005 2 5123
2005 2 10087
2005 2 4890
2006 2 9590
2006 2 9750
2006 2 4244
2007 2 5292
2007 2 6585
2007 2 7314
2008 2 9800
2008 2 5863
2008 2 4624
2009 2 9729
2009 2 9756
2009 2 7496
2009 2 10088
2009 2 10290
2010 2 9674
2010 2 7393
2010 2 5343
2011 2 6076
2011 2 6908
2011 2 9449
2012 2 10505
2012 2 8950
2012 2 7957
2013 2 3914
2013 2 3875
2013 2 6892
2014 2 4922
2014 2 8625
2014 2 10547
2015 2 6622
2015 2 4255
2015 2 7247
2016 2 8536
2016 2 9554
2016 2 9889
2017 2 9789
2017 2 7232
2017 2 4961
2018 2 7010
2018 2 8921
2018 2 6452
2019 2 4260
2019 2 6197
2019 2 7083
2020 2 6741
2020 2 6581
2020 2 10132
2021 2 7450
2021 2 6508
2021 2 6497
2022 2 10110
2023 2 9328
2023 2 8540
2023 2 5873
2024 2 10263
2024 2 5133
2024 2 9341
2025 2 10490
2025 2 3883
2025 2 7672
2026 2 4645
2026 2 5071
2026 2 8061
2027 2 6431
2027 2 9695
2027 2 4883
2028 2 5319
2028 2 4141
2028 2 5324
2030 2 4919
2030 2 6131
2030 2 8973
2031 2 8451
2031 2 4842
2031 2 9985
2032 2 6197
2032 2 4278
2032 2 7767
2033 2 3892
2033 2 5120
2033 2 4369
2034 2 3576
2034 2 7262
2034 2 6105
2035 2 4483
2035 2 7677
2035 2 9345
2036 2 4635
2036 2 5502
2036 2 7036
2037 2 6615
2037 2 5659
2037 2 4268
2038 2 7040
2038 2 6677
2038 2 3573
2039 2 3914
2039 2 4259
2039 2 4712
2040 2 8136
2040 2 8187
2040 2 5839
2041 2 4404
2041 2 6159
2041 2 6948
2042 2 9060
2042 2 7019
2042 2 5440
2043 2 3873
2043 2 7019
2043 2 6739
2044 2 7245
2044 2 8875
2044 2 8794
2045 2 4947
2045 2 5440
2045 2 8300
2046 2 5724
2046 2 4591
2046 2 4990
2047 2 4220
2047 2 8162
2047 2 4498
2048 2 4220
2048 2 5120
2048 2 4591
2049 2 5875
2049 2 5631
2049 2 5563
2050 2 5886
2050 2 6585
2050 2 10153
2051 2 5746
2051 2 10480
2051 2 7019
2052 2 4657
2052 2 5365
2052 2 7242
2053 2 7385
2053 2 4953
2053 2 7118
2054 2 7337
2054 2 7570
2054 2 7112
2055 2 5537
2055 2 10381
2055 2 8024
2056 2 5116
2056 2 8452
2056 2 8672
2057 2 5549
2057 2 6190
2057 2 5001
2058 2 7424
2058 2 10267
2058 2 10062
2059 2 5163
2059 2 5005
2059 2 8018
2060 2 4077
2060 2 5313
2060 2 7762
2061 2 9960
2061 2 3612
2061 2 3616
2062 2 7292
2062 2 7332
2062 2 10554
2063 2 9958
2063 2 10582
2063 2 7336
2064 2 5522
2064 2 9227
2064 2 4348
2065 2 6578
2065 2 6682
2065 2 4539
2066 2 7635
2066 2 4309
2066 2 8845
2067 2 3606
2067 2 7786
2067 2 9420
2068 2 8961
2068 2 8100
2068 2 10552
2069 2 4583
2069 2 6786
2069 2 4877
2070 2 7138
2070 2 4583
2070 2 5986
2071 2 3969
2071 2 4325
2071 2 9550
2072 2 8205
2072 2 5821
2072 2 5740
2073 2 10164
2073 2 9689
2073 2 3697
2074 2 4693
2074 2 9366
2074 2 9978
2075 2 8034
2075 2 9861
2075 2 8852
2076 2 9850
2076 2 7396
2076 2 5685
2077 2 9850
2077 2 4380
2077 2 4985
2078 2 9850
2078 2 4380
2078 2 4985
2079 2 9850
2079 2 4380
2079 2 8263
2080 2 4380
2080 2 4985
2080 2 8263
2081 2 4380
2081 2 4985
2081 2 8263
2082 2 7790
2082 2 8299
2082 2 5365
2083 2 7758
2083 2 5254
2083 2 4492
2084 2 6663
2084 2 3821
2084 2 7856
2085 2 4645
2085 2 4908
2085 2 4407
2086 2 4433
2086 2 3683
2086 2 5573
2087 2 7137
2087 2 3882
2087 2 10359
2088 2 4273
2088 2 8162
2088 2 6461
2089 2 4318
2089 2 4173
2089 2 4180
2090 2 8205
2090 2 7314
2090 2 7059
2091 2 8716
2091 2 7026
2091 2 4284
2092 2 10303
2092 2 8286
2092 2 9009
2093 2 4170
2093 2 6507
2093 2 8611
2094 2 5972
2094 2 5766
2094 2 7061
2095 2 6305
2095 2 4535
2095 2 10599
2096 2 8072
2096 2 5299
2096 2 6941
2097 2 6908
2097 2 4386
2097 2 5259
2097 2 4995
2097 2 7111
2098 2 9520
2098 2 9480
2098 2 4762
2099 2 4756
2099 2 8220
2099 2 4469
2100 2 9942
2100 2 9120
2100 2 4548
2101 2 9942
2101 2 4296
2101 2 9120
2102 2 9942
2102 2 9120
2102 2 7827
2103 2 8183
2103 2 4919
2103 2 7254
2104 2 8183
2104 2 4919
2104 2 7254
2105 2 5183
2105 2 10474
2105 2 6178
2106 2 4797
2106 2 5183
2106 2 10474
2107 2 9942
2107 2 9965
2107 2 4390
2108 2 9942
2108 2 9965
2108 2 4390
2109 2 9942
2109 2 9965
2109 2 4390
2110 2 9942
2110 2 9965
2110 2 4390
2111 2 10093
2111 2 7783
2111 2 5335
2112 2 8508
2112 2 3639
2112 2 9757
2113 2 7371
2113 2 9738
2113 2 4240
2114 2 4390
2114 2 9352
2114 2 9508
2115 2 6310
2115 2 8136
2115 2 6581
2116 2 10164
2116 2 5489
2116 2 6321
2117 2 5518
2117 2 3710
2117 2 6418
2118 2 5357
2118 2 8680
2118 2 9010
2119 2 8680
2119 2 9010
2119 2 8677
2120 2 5913
2120 2 9814
2120 2 4589
2121 2 7167
2121 2 4583
2121 2 4141
2122 2 10164
2122 2 5920
2122 2 8101
2123 2 3583
2123 2 4279
2123 2 9632
2124 2 7337
2124 2 6080
2124 2 5742
2125 2 9636
2125 2 8522
2125 2 6702
2126 2 7046
2126 2 4750
2126 2 7502
2127 2 4173
2127 2 8997
2127 2 4563
2128 2 9227
2128 2 10037
2128 2 4088
2129 2 9337
2129 2 8403
2129 2 4898
2130 2 9918
2130 2 5280
2130 2 7122
2131 2 6976
2131 2 9252
2131 2 10235
2132 2 3622
2132 2 3710
2132 2 7999
2133 2 9636
2133 2 7385
2133 2 4574
2134 2 6752
2134 2 7796
2134 2 7105
2135 2 7103
2135 2 10317
2135 2 9810
2136 2 9691
2136 2 7380
2136 2 9256
2137 2 8522
2137 2 4320
2137 2 6132
2138 2 8119
2138 2 6431
2138 2 10366
2139 2 10539
2139 2 8690
2139 2 4184
2140 2 8989
2140 2 6384
2140 2 5409
2141 2 5383
2141 2 9626
2141 2 5860
2142 2 5963
2142 2 7402
2142 2 7418
2142 2 4396
2143 2 10303
2143 2 8362
2143 2 7312
2144 2 3892
2144 2 9249
2144 2 7270
2145 2 7019
2145 2 8787
2145 2 6425
2146 2 10490
2146 2 5220
2146 2 6439
2147 2 7778
2147 2 3923
2147 2 8907
2148 2 10104
2148 2 7529
2148 2 6598
2149 2 9807
2149 2 4634
2149 2 7725
2150 2 8653
2150 2 7725
2150 2 9728
2150 2 6426
2150 2 8482
2151 2 4240
2151 2 7743
2151 2 6518
2152 2 10371
2152 2 4991
2152 2 8695
2153 2 5741
2153 2 6585
2153 2 6870
2154 2 5443
2154 2 4933
2154 2 7537
2155 2 4185
2155 2 5929
2155 2 9868
2156 2 6832
2156 2 8101
2156 2 5483
2157 2 7882
2157 2 3738
2157 2 8725
2157 2 10523
2157 2 10024
2158 2 5111
2158 2 4462
2158 2 6727
2159 2 7233
2159 2 7325
2159 2 8978
2160 2 7697
2160 2 3811
2160 2 8630
2160 2 10279
2161 2 4919
2161 2 7104
2161 2 4134
2162 2 7825
2162 2 10219
2162 2 7665
2163 2 7440
2163 2 8060
2163 2 8254
2164 2 3961
2164 2 5701
2164 2 8252
2165 2 4645
2165 2 9626
2165 2 6085
2166 2 10471
2166 2 9804
2166 2 6990
2167 2 8531
2167 2 7254
2167 2 4057
2168 2 7639
2168 2 8747
2168 2 6928
2169 2 7639
2169 2 8747
2169 2 6928
2170 2 4535
2170 2 7419
2170 2 4388
2171 2 4399
2171 2 3989
2171 2 9000
2172 2 8004
2172 2 10157
2172 2 8767
2173 2 3851
2173 2 9449
2173 2 10320
2174 2 4756
2174 2 5501
2174 2 7964
2175 2 7720
2175 2 4698
2175 2 8126
2176 2 9857
2176 2 7993
2176 2 4583
2177 2 9674
2177 2 6639
2177 2 6552
2178 2 8359
2178 2 4520
2178 2 9779
2179 2 8880
2179 2 7729
2179 2 5719
2180 2 4183
2180 2 9828
2180 2 6734
2181 2 10610
2181 2 9563
2181 2 3962
2181 2 10013
2181 2 8467
2182 2 8062
2182 2 8985
2182 2 5659
2183 2 8324
2183 2 8517
2183 2 7940
2184 2 7223
2184 2 3867
2184 2 8391
2185 2 8111
2185 2 7853
2185 2 5926
2186 2 9635
2186 2 8692
2186 2 9576
2187 2 8422
2187 2 5358
2187 2 9103
2188 2 4082
2188 2 6071
2188 2 10289
2189 2 4152
2189 2 7976
2189 2 9025
2190 2 5978
2190 2 6539
2190 2 6609
2190 2 10576
2190 2 6566
2191 2 3724
2191 2 4693
2191 2 4278
2192 2 7361
2192 2 8767
2192 2 9338
2193 2 4678
2193 2 6581
2193 2 5369
2194 2 8974
2194 2 7125
2195 2 9426
2195 2 9062
2195 2 7141
2196 2 7499
2196 2 4601
2196 2 6346
2197 2 6605
2197 2 9395
2197 2 4992
2198 2 5216
2198 2 5996
2198 2 9383
2199 2 4081
2199 2 4951
2199 2 4477
2200 2 8531
2200 2 6766
2200 2 6388
2201 2 5139
2201 2 7167
2201 2 5874
2202 2 4369
2202 2 3662
2202 2 8522
2203 2 7088
2203 2 7347
2203 2 8982
2204 2 5413
2204 2 8755
2204 2 5901
2205 2 9836
2205 2 5390
2205 2 8560
2207 2 5100
2207 2 4848
2207 2 5643
2208 2 5319
2208 2 4715
2208 2 3908
2209 2 10016
2209 2 8776
2209 2 9490
2209 2 4648
2209 2 9414
2210 2 6722
2210 2 4888
2210 2 9397
2211 2 3702
2211 2 7302
2211 2 6970
2212 2 8205
2212 2 9689
2212 2 6105
2213 2 5766
2213 2 5513
2213 2 9993
2214 2 5793
2214 2 4388
2214 2 5064
2215 2 5793
2215 2 7208
2215 2 4569
2216 2 6305
2216 2 7058
2216 2 7533
2217 2 5812
2217 2 10111
2217 2 9178
2218 2 8767
2218 2 10504
2218 2 9858
2219 2 9256
2219 2 9333
2219 2 8258
2220 2 9626
2220 2 8459
2220 2 7221
2221 2 9107
2221 2 6361
2221 2 10570
2222 2 8266
2222 2 6625
2222 2 9144
2223 2 9349
2223 2 7404
2223 2 4569
2224 2 7404
2224 2 6385
2224 2 8077
2225 2 9349
2225 2 4726
2225 2 8458
2226 2 9349
2226 2 5199
2226 2 9099
2227 2 9349
2227 2 7404
2227 2 4264
2228 2 5793
2228 2 4569
2228 2 4006
2229 2 3629
2229 2 9909
2229 2 9315
2230 2 9506
2230 2 8162
2230 2 10010
2231 2 3786
2231 2 8987
2231 2 8703
2232 2 9246
2232 2 4185
2232 2 7663
2233 2 7950
2233 2 4593
2233 2 9096
2234 2 9067
2234 2 9576
2234 2 9493
2235 2 10380
2235 2 6495
2235 2 5132
2235 2 8520
2235 2 6509
2236 2 3592
2236 2 5071
2236 2 8587
2237 2 6257
2237 2 10367
2237 2 5625
2237 2 10368
2237 2 7972
2238 2 6622
2238 2 8374
2238 2 10026
2239 2 8286
2239 2 10471
2239 2 10257
2240 2 6501
2240 2 5405
2240 2 5270
2241 2 8062
2241 2 9501
2241 2 5659
2242 2 7154
2242 2 4709
2242 2 9143
2243 2 6634
2243 2 5758
2243 2 6070
2244 2 3794
2244 2 10252
2244 2 4931
2245 2 5808
2245 2 4040
2245 2 7994
2246 2 6194
2246 2 3636
2246 2 4027
2247 2 4678
2247 2 7254
2247 2 7396
2248 2 8925
2248 2 4205
2248 2 5622
2249 2 9554
2249 2 4081
2249 2 8070
2250 2 8365
2250 2 7995
2250 2 4646
2251 2 9237
2251 2 5968
2251 2 4961
2252 2 4756
2252 2 6260
2252 2 7671
2253 2 7272
2253 2 6483
2253 2 8541
2254 2 5078
2254 2 10570
2254 2 9200
2255 2 10076
2255 2 5648
2255 2 4625
2256 2 8063
2256 2 6603
2256 2 5762
2257 2 8620
2257 2 4710
2257 2 5874
2258 2 8989
2258 2 8822
2258 2 6422
2259 2 5142
2259 2 10354
2259 2 4230
2260 2 7512
2260 2 4600
2260 2 4470
2261 2 7062
2261 2 6052
2261 2 7124
2262 2 8306
2262 2 4502
2262 2 8430
2263 2 9857
2263 2 5894
2263 2 6841
2264 2 5948
2264 2 10614
2264 2 8453
2264 2 8712
2264 2 6738
2265 2 4635
2265 2 5409
2265 2 7538
2266 2 10041
2266 2 8538
2266 2 4079
2267 2 6642
2267 2 3689
2267 2 7745
2268 2 6512
2268 2 9579
2268 2 9622
2269 2 5254
2269 2 4961
2269 2 8259
2270 2 6319
2270 2 7792
2270 2 10007
2271 2 7137
2271 2 5886
2271 2 7674
2272 2 8436
2272 2 5528
2272 2 8439
2272 2 7998
2272 2 9568
2273 2 5125
2273 2 8690
2273 2 8020
2274 2 5292
2274 2 7985
2274 2 8598
2275 2 9800
2275 2 4927
2275 2 5802
2276 2 7240
2276 2 4080
2276 2 9593
2277 2 4845
2277 2 7050
2277 2 5356
2278 2 5304
2278 2 8814
2278 2 4582
2279 2 8062
2279 2 3873
2279 2 8144
2280 2 5041
2280 2 9755
2280 2 5499
2281 2 6845
2281 2 4180
2281 2 4483
2282 2 8054
2282 2 9067
2282 2 7699
2283 2 6611
2283 2 7103
2283 2 6195
2284 2 5498
2284 2 4925
2284 2 7444
2284 2 7467
2284 2 6155
2285 2 9626
2285 2 4496
2285 2 10379
2286 2 5131
2286 2 5343
2286 2 9660
2287 2 4093
2287 2 4256
2287 2 4564
2288 2 10126
2288 2 9980
2289 2 8494
2289 2 8495
2289 2 8904
2290 2 6639
2290 2 8547
2290 2 9065
2291 2 6747
2291 2 6293
2291 2 10591
2292 2 4490
2292 2 7305
2292 2 9232
2293 2 7305
2293 2 10228
2293 2 9475
2294 2 5550
2294 2 6970
2294 2 4914
2295 2 3623
2295 2 10444
2295 2 7786
2296 2 4278
2296 2 8996
2296 2 6878
2297 2 8167
2297 2 3887
2297 2 9805
2298 2 6324
2298 2 3606
2298 2 6362
2299 2 10544
2299 2 7694
2299 2 10604
2300 2 8286
2300 2 7371
2300 2 9465
2301 2 5121
2301 2 5214
2301 2 5971
2302 2 3952
2302 2 5453
2302 2 9932
2303 2 6690
2303 2 4588
2303 2 7214
2304 2 4630
2304 2 10123
2304 2 3778
2305 2 5981
2305 2 9676
2305 2 10562
2306 2 7613
2306 2 8457
2306 2 5502
2307 2 7232
2307 2 10184
2307 2 10162
2308 2 5046
2308 2 10045
2308 2 4747
2309 2 5398
2309 2 10596
2309 2 6212
2309 2 5962
2309 2 9780
2310 2 4247
2310 2 10607
2310 2 5011
2311 2 4677
2311 2 8840
2311 2 10580
2312 2 7692
2312 2 8837
2312 2 10384
2313 2 7692
2313 2 6836
2313 2 9278
2314 2 10418
2314 2 5146
2314 2 8807
2315 2 7692
2315 2 5146
2315 2 6890
2316 2 5523
2316 2 5137
2316 2 9847
2317 2 5746
2317 2 4688
2317 2 7852
2318 2 5746
2318 2 4688
2318 2 7852
2319 2 4688
2319 2 7852
2319 2 9160
2320 2 5746
2320 2 4688
2320 2 7852
2321 2 4077
2321 2 5011
2321 2 6072
2322 2 4677
2322 2 8840
2322 2 8191
2323 2 7692
2323 2 6836
2323 2 8624
2324 2 4247
2324 2 7692
2324 2 6276
2325 2 4774
2325 2 7788
2325 2 6825
2326 2 4067
2326 2 4247
2326 2 4077
2327 2 9008
2327 2 4504
2327 2 7692
2328 2 7692
2328 2 6219
2328 2 8684
2329 2 8840
2329 2 6050
2329 2 9313
2330 2 7692
2330 2 9292
2330 2 7727
2331 2 4734
2331 2 9008
2331 2 10447
2332 2 4677
2332 2 3898
2332 2 9059
2333 2 6814
2333 2 7816
2333 2 7557
2334 2 9918
2334 2 10093
2334 2 4051
2335 2 8335
2335 2 8678
2335 2 6008
2336 2 6832
2336 2 4857
2336 2 4575
2337 2 7342
2337 2 7848
2337 2 6355
2338 2 9117
2338 2 4039
2338 2 4534
2339 2 5745
2339 2 3847
2339 2 7580
2340 2 7342
2340 2 5511
2340 2 5213
2341 2 7374
2341 2 4878
2341 2 7490
2342 2 6168
2342 2 5213
2342 2 6753
2342 2 8410
2342 2 10063
2343 2 7540
2343 2 8856
2343 2 4142
2344 2 6814
2344 2 4832
2344 2 6158
2345 2 7721
2345 2 3593
2345 2 9047
2346 2 5934
2346 2 6032
2346 2 9197
2347 2 4724
2347 2 4388
2347 2 6318
2348 2 7122
2348 2 6161
2348 2 9155
2349 2 3964
2349 2 5940
2349 2 4803
2350 2 4373
2350 2 6258
2350 2 5508
2351 2 7130
2351 2 9794
2351 2 9501
2352 2 7550
2352 2 8814
2352 2 5244
2353 2 3914
2353 2 5220
2353 2 4822
2354 2 4782
2354 2 6206
2354 2 9456
2355 2 4280
2355 2 4477
2355 2 7234
2356 2 10458
2356 2 6824
2356 2 7042
2357 2 10518
2357 2 9003
2357 2 5436
2358 2 8004
2358 2 5043
2358 2 10315
2359 2 8266
2359 2 6055
2359 2 8326
2360 2 4595
2360 2 4805
2360 2 4923
2361 2 9548
2361 2 4433
2361 2 6238
2361 2 3838
2361 2 10197
2362 2 10221
2362 2 8357
2362 2 4291
2363 2 6369
2363 2 6976
2363 2 7782
2364 2 9337
2364 2 10471
2364 2 4134
2365 2 7137
2365 2 9465
2365 2 8897
2366 2 10106
2366 2 4172
2366 2 8969
2366 2 8429
2366 2 5692
2367 2 5619
2367 2 8409
2367 2 6108
2368 2 5100
2368 2 5597
2368 2 4019
2369 2 3576
2369 2 6808
2369 2 7016
2370 2 8356
2370 2 6001
2370 2 8674
2370 2 6265
2371 2 10057
2371 2 6337
2371 2 5581
2372 2 8989
2372 2 8619
2372 2 3610
2373 2 7130
2373 2 6873
2373 2 6581
2374 2 8008
2374 2 10263
2374 2 8051
2375 2 7337
2375 2 10480
2375 2 7371
2376 2 8362
2376 2 6906
2376 2 3592
2377 2 7165
2377 2 5098
2377 2 7428
2377 2 10613
2377 2 5823
2378 2 5626
2378 2 10390
2378 2 8033
2379 2 10071
2379 2 6488
2379 2 4615
2380 2 10104
2380 2 6578
2380 2 6748
2381 2 7876
2381 2 4397
2381 2 3631
2381 2 5152
2381 2 3704
2382 2 4954
2382 2 9865
2382 2 4151
2383 2 6054
2383 2 7084
2383 2 8161
2384 2 6249
2384 2 9430
2384 2 4776
2385 2 8536
2385 2 10157
2385 2 10141
2386 2 4318
2386 2 4175
2386 2 8606
2387 2 8620
2387 2 5342
2387 2 9172
2388 2 9515
2388 2 10361
2388 2 10072
2389 2 9717
2389 2 4857
2389 2 4170
2390 2 9717
2390 2 4857
2390 2 4170
2391 2 7422
2391 2 5382
2391 2 5101
2392 2 8642
2392 2 7613
2392 2 4496
2393 2 8054
2393 2 9465
2393 2 6804
2394 2 4636
2394 2 6940
2394 2 4252
2395 2 9548
2395 2 9501
2395 2 10072
2396 2 4094
2396 2 6468
2396 2 10501
2397 2 7122
2397 2 6748
2397 2 9136
2398 2 8234
2398 2 7939
2398 2 8278
2399 2 9836
2399 2 4770
2399 2 10358
2400 2 5613
2400 2 6239
2400 2 6441
2401 2 10216
2401 2 7514
2401 2 7419
2402 2 9690
2402 2 6406
2402 2 9903
2403 2 9492
2403 2 8710
2403 2 7899
2404 2 6562
2404 2 4713
2404 2 3667
2404 2 5825
2404 2 8699
2405 2 6568
2405 2 8634
2405 2 6089
2406 2 6585
2406 2 4830
2406 2 9017
2407 2 6023
2407 2 6076
2407 2 9204
2408 2 5292
2408 2 4533
2408 2 6282
2409 2 4207
2409 2 7038
2409 2 9767
2410 2 4522
2410 2 6693
2410 2 9808
2411 2 5139
2411 2 6682
2411 2 9738
2412 2 10471
2412 2 4922
2412 2 8625
2413 2 8700
2413 2 9771
2413 2 5450
2414 2 9136
2414 2 6644
2414 2 7395
2415 2 5372
2415 2 8039
2415 2 10339
2416 2 8955
2416 2 7267
2416 2 7187
2417 2 9246
2417 2 6634
2417 2 9039
2418 2 9184
2418 2 5385
2418 2 10365
2419 2 7030
2419 2 6322
2419 2 8117
2421 2 6578
2421 2 9032
2421 2 6458
2422 2 8138
2422 2 5144
2422 2 8332
2423 2 6892
2423 2 5373
2423 2 7102
2424 2 8839
2424 2 9689
2424 2 4134
2425 2 5372
2425 2 9850
2425 2 6257
2426 2 9619
2426 2 8537
2426 2 8047
2427 2 5744
2427 2 8198
2427 2 6751
2428 2 7001
2428 2 4237
2428 2 9179
2429 2 6682
2429 2 7022
2429 2 4239
2430 2 9524
2430 2 8136
2430 2 3808
2431 2 7422
2431 2 8289
2431 2 4863
2432 2 4346
2432 2 7345
2432 2 7633
2433 2 6605
2433 2 6029
2433 2 5349
2434 2 4369
2434 2 10211
2434 2 5989
2435 2 8939
2435 2 9081
2435 2 5099
2436 2 5523
2436 2 9858
2436 2 8732
2437 2 9822
2437 2 8080
2437 2 5707
2438 2 3676
2438 2 3584
2438 2 4725
2439 2 7555
2439 2 6087
2439 2 8081
2440 2 4962
2440 2 7365
2440 2 8509
2441 2 8311
2441 2 4622
2441 2 5408
2442 2 9857
2442 2 5292
2442 2 6055
2443 2 4175
2443 2 7230
2443 2 4710
2444 2 5319
2444 2 5877
2444 2 6373
2445 2 7165
2445 2 8033
2445 2 3705
2446 2 10454
2446 2 7225
2446 2 4652
2447 2 3688
2447 2 5381
2447 2 4852
2448 2 7832
2448 2 7813
2448 2 9078
2449 2 8567
2449 2 9458
2449 2 4480
2450 2 3940
2450 2 5113
2450 2 9060
2451 2 10444
2451 2 6406
2451 2 7146
2452 2 8871
2452 2 4247
2452 2 10371
2453 2 10371
2453 2 7107
2453 2 4943
2454 2 10371
2454 2 4044
2454 2 6898
2455 2 10371
2455 2 5375
2455 2 6987
2456 2 10371
2456 2 6050
2456 2 6454
2457 2 10371
2457 2 7795
2457 2 7565
2458 2 5170
2458 2 5756
2458 2 5859
2459 2 5254
2459 2 6431
2459 2 3646
2460 2 6841
2460 2 5912
2460 2 8228
2461 2 10504
2461 2 7533
2461 2 7037
2462 2 10409
2462 2 8740
2462 2 7661
2462 2 7370
2463 2 7595
2463 2 7152
2463 2 9263
2464 2 7683
2464 2 7152
2464 2 9263
2465 2 7150
2465 2 10162
2465 2 10360
2466 2 4583
2466 2 4141
2466 2 4873
2467 2 4583
2467 2 4141
2467 2 6222
2468 2 4583
2468 2 7785
2468 2 7378
2469 2 10164
2469 2 5373
2469 2 9276
2470 2 6318
2470 2 8225
2470 2 6955
2471 2 6318
2471 2 8225
2471 2 6955
2472 2 8299
2472 2 9080
2472 2 5689
2473 2 4704
2473 2 9009
2473 2 4483
2474 2 8286
2474 2 8111
2474 2 7450
2475 2 7122
2475 2 5120
2475 2 9530
2476 2 4941
2476 2 8827
2476 2 8122
2477 2 6161
2477 2 6569
2477 2 6362
2478 2 6076
2478 2 7269
2478 2 7900
2479 2 6543
2479 2 8201
2479 2 6069
2480 2 6543
2480 2 5169
2480 2 3747
2481 2 4319
2481 2 4153
2481 2 5671
2482 2 7174
2482 2 9097
2482 2 9700
2483 2 5043
2483 2 3564
2483 2 9241
2484 2 7682
2484 2 8915
2484 2 3855
2485 2 6994
2485 2 6978
2485 2 5111
2486 2 6496
2486 2 7720
2486 2 5044
2487 2 7720
2487 2 7922
2487 2 9894
2488 2 8739
2488 2 7720
2488 2 8990
2489 2 6762
2489 2 7720
2489 2 6492
2489 2 8086
2489 2 7213
2490 2 5523
2490 2 9297
2490 2 4753
2491 2 6233
2491 2 8341
2491 2 5397
2492 2 10077
2492 2 10050
2492 2 9052
2493 2 7707
2493 2 9626
2493 2 7097
2494 2 5604
2494 2 6581
2494 2 6013
2494 2 7928
2495 2 9519
2495 2 7983
2495 2 6033
2496 2 3951
2496 2 9569
2496 2 5160
2497 2 3940
2497 2 5143
2497 2 5118
2498 2 6994
2498 2 6793
2498 2 4563
2499 2 9573
2499 2 3714
2499 2 4278
2500 2 9674
2500 2 3780
2500 2 3659
2501 2 8360
2501 2 6268
2501 2 3677
2502 2 6318
2502 2 6635
2502 2 6673
2503 2 8685
2503 2 4882
2503 2 4451
2504 2 9460
2504 2 8403
2504 2 7061
2505 2 4822
2505 2 9739
2505 2 8852
2506 2 3671
2506 2 9680
2506 2 3770
2507 2 6175
2507 2 7376
2507 2 6415
2507 2 10168
2507 2 4669
2508 2 9016
2508 2 8433
2508 2 8384
2509 2 7034
2509 2 5687
2509 2 8690
2510 2 7355
2510 2 7258
2510 2 10589
2511 2 9067
2511 2 7075
2511 2 3684
2512 2 4016
2512 2 9765
2512 2 4269
2513 2 8642
2513 2 5266
2513 2 9693
2514 2 5259
2514 2 7459
2514 2 4571
2515 2 4475
2515 2 6522
2515 2 9199
2516 2 7512
2516 2 7337
2516 2 6249
2517 2 7355
2517 2 6919
2517 2 7634
2518 2 9396
2518 2 4123
2518 2 7543
2519 2 6042
2519 2 5518
2519 2 7419
2520 2 6143
2520 2 3581
2520 2 3974
2521 2 4637
2521 2 4728
2521 2 6256
2522 2 4169
2522 2 6686
2522 2 9251
2523 2 4819
2523 2 6790
2523 2 3915
2524 2 6747
2524 2 6895
2524 2 7542
2525 2 8757
2525 2 5788
2525 2 9196
2526 2 3892
2526 2 7385
2526 2 10081
2527 2 4968
2527 2 4122
2527 2 3694
2528 2 7758
2528 2 7985
2528 2 8858
2529 2 7361
2529 2 6830
2529 2 7314
2530 2 6076
2530 2 7807
2530 2 8882
2531 2 8757
2531 2 5788
2531 2 6907
2532 2 6992
2532 2 8042
2532 2 7253
2533 2 6339
2533 2 6974
2533 2 8181
2534 2 5709
2534 2 4545
2534 2 5203
2535 2 4628
2535 2 10515
2535 2 3751
2536 2 7145
2536 2 9349
2536 2 10252
2536 2 10515
2536 2 7008
2537 2 8940
2537 2 4735
2537 2 6542
2538 2 9297
2538 2 6458
2538 2 4521
2539 2 8477
2539 2 7019
2539 2 4389
2540 2 6076
2540 2 8549
2540 2 8501
2541 2 8362
2541 2 6042
2541 2 9127
2542 2 5227
2542 2 6950
2542 2 4447
2543 2 6771
2543 2 9136
2543 2 7477
2544 2 6769
2544 2 5716
2544 2 5870
2545 2 3851
2545 2 8607
2545 2 9361
2546 2 8825
2546 2 7631
2546 2 10374
2547 2 6263
2547 2 3709
2547 2 5102
2549 2 10201
2549 2 4353
2549 2 3991
2550 2 9337
2550 2 6000
2550 2 10618
2551 2 6499
2551 2 6135
2551 2 7698
2552 2 7758
2552 2 8463
2552 2 7253
2553 2 9828
2553 2 9579
2553 2 6536
2554 2 10318
2554 2 7811
2554 2 7359
2555 2 5117
2555 2 4879
2555 2 6945
2556 2 9804
2556 2 3584
2556 2 8124
2557 2 9470
2557 2 4389
2557 2 5997
2558 2 6207
2558 2 5776
2558 2 7950
2559 2 6639
2559 2 10501
2559 2 9866
2560 2 4693
2560 2 10484
2560 2 3993
2561 2 7044
2561 2 9237
2561 2 6186
2562 2 5625
2562 2 4456
2562 2 9502
2563 2 10504
2563 2 9178
2563 2 6477
2564 2 5658
2564 2 4030
2564 2 10342
2564 2 8834
2564 2 5355
2565 2 10115
2565 2 8245
2565 2 3767
2566 2 6680
2566 2 7478
2566 2 8948
2567 2 6487
2567 2 6938
2567 2 7237
2568 2 3548
2568 2 4177
2568 2 9069
2569 2 8102
2569 2 3924
2569 2 10324
2570 2 6583
2570 2 3924
2570 2 5137
2571 2 6747
2571 2 10430
2571 2 5644
2572 2 9991
2572 2 10245
2572 2 7292
2573 2 6023
2573 2 7436
2573 2 4553
2574 2 10477
2574 2 8396
2574 2 5340
2575 2 4592
2575 2 6120
2575 2 8890
2576 2 10080
2576 2 8415
2576 2 9558
2577 2 6678
2578 2 8853
2578 2 10017
2578 2 7581
2579 2 7778
2579 2 4996
2579 2 4442
2580 2 10157
2580 2 9060
2580 2 6794
2581 2 9674
2581 2 3969
2581 2 8197
2582 2 7254
2582 2 10505
2582 2 9120
2583 2 8140
2583 2 8054
2583 2 3654
2584 2 9717
2584 2 8111
2584 2 7637
2585 2 8941
2585 2 3958
2585 2 6547
2586 2 4756
2586 2 10326
2586 2 7870
2587 2 4756
2587 2 8679
2587 2 6228
2588 2 3853
2588 2 4771
2588 2 8534
2589 2 6306
2589 2 10557
2589 2 6564
2590 2 4120
2590 2 10394
2591 2 5163
2591 2 9751
2591 2 9482
2592 2 9784
2592 2 4506
2592 2 10259
2593 2 4170
2593 2 5097
2593 2 10056
2594 2 5139
2594 2 10444
2594 2 5321
2595 2 5500
2595 2 9386
2595 2 5638
2596 2 5058
2596 2 4246
2596 2 7681
2597 2 9136
2597 2 9530
2597 2 4336
2598 2 8079
2598 2 7770
2598 2 10579
2598 2 6156
2598 2 6556
2599 2 3943
2599 2 4818
2599 2 7505
2600 2 4043
2600 2 6095
2600 2 4527
2601 2 6802
2601 2 10328
2601 2 9317
2602 2 4738
2602 2 8000
2602 2 6802
2603 2 7700
2603 2 6174
2603 2 6234
2604 2 7058
2604 2 7884
2604 2 6530
2605 2 9199
2605 2 5887
2605 2 5796
2606 2 6898
2606 2 9437
2606 2 8380
2607 2 6606
2607 2 8221
2607 2 7622
2608 2 4486
2608 2 10370
2608 2 7649
2609 2 5456
2609 2 4522
2609 2 7535
2610 2 5082
2610 2 7925
2610 2 4938
2611 2 8757
2611 2 5788
2611 2 6907
2612 2 9626
2612 2 6134
2612 2 5844
2613 2 9626
2613 2 9304
2613 2 7711
2614 2 9626
2614 2 4116
2614 2 10297
2615 2 4339
2615 2 4663
2615 2 7560
2616 2 4756
2616 2 7872
2616 2 5846
2617 2 9048
2617 2 8835
2617 2 8626
2618 2 6796
2618 2 4908
2618 2 7774
2619 2 7563
2619 2 5892
2619 2 5460
2620 2 7707
2620 2 8353
2620 2 10153
2621 2 4259
2621 2 5324
2621 2 8099
2622 2 4899
2622 2 7087
2622 2 6300
2623 2 8286
2623 2 4369
2623 2 4778
2624 2 4776
2624 2 9484
2624 2 7755
2625 2 8570
2625 2 7217
2625 2 4413
2626 2 4592
2626 2 5503
2626 2 4299
2627 2 8266
2627 2 4479
2627 2 4493
2628 2 9738
2628 2 9130
2628 2 6459
2629 2 8441
2629 2 8724
2629 2 5697
2630 2 9626
2630 2 6841
2630 2 9688
2631 2 10276
2631 2 6675
2632 2 4740
2632 2 7425
2632 2 7094
2633 2 6682
2633 2 9449
2633 2 3846
2634 2 5895
2634 2 10452
2634 2 9463
2635 2 10537
2635 2 7984
2635 2 4155
2636 2 5155
2636 2 4219
2636 2 7714
2637 2 8496
2637 2 9993
2637 2 8411
2638 2 8531
2638 2 8690
2638 2 6873
2639 2 5018
2639 2 8119
2639 2 7737
2640 2 5271
2640 2 8490
2640 2 8065
2641 2 6774
2641 2 9604
2641 2 7676
2642 2 7520
2642 2 8090
2642 2 8723
2643 2 6627
2643 2 5263
2643 2 4422
2644 2 8162
2644 2 8546
2644 2 5964
2645 2 9858
2645 2 4949
2645 2 7910
2646 2 8899
2646 2 8440
2646 2 4867
2647 2 8899
2647 2 8440
2647 2 4078
2648 2 4220
2648 2 4678
2648 2 7254
2648 2 6755
2648 2 4536
2649 2 8749
2649 2 6506
2649 2 5364
2650 2 9366
2650 2 4451
2650 2 10238
2651 2 10113
2651 2 4422
2651 2 9245
2652 2 6465
2652 2 9366
2652 2 10551
2653 2 6170
2653 2 4979
2653 2 7313
2654 2 9626
2654 2 4744
2654 2 3580
2655 2 9704
2655 2 8623
2655 2 9915
2655 2 4384
2656 2 7306
2656 2 7528
2656 2 4723
2656 2 6590
2657 2 8136
2657 2 4762
2657 2 6094
2658 2 6845
2658 2 4488
2658 2 4407
2659 2 9466
2659 2 9538
2659 2 8511
2660 2 5851
2660 2 4420
2660 2 6192
2661 2 10560
2661 2 10574
2661 2 10569
2661 2 7205
2661 2 8025
2662 2 10460
2662 2 4740
2662 2 7425
2663 2 7652
2663 2 9461
2663 2 4767
2664 2 4623
2664 2 9090
2664 2 3988
2665 2 5120
2665 2 3832
2665 2 8973
2666 2 3623
2666 2 4687
2666 2 9470
2667 2 7909
2667 2 8331
2667 2 10182
2668 2 5197
2668 2 9556
2668 2 9325
2669 2 10616
2669 2 5509
2669 2 3890
2670 2 6458
2670 2 9928
2670 2 8250
2671 2 4393
2671 2 9742
2671 2 9511
2672 2 6593
2672 2 4342
2672 2 4729
2673 2 9160
2673 2 4705
2673 2 3824
2674 2 8183
2674 2 5758
2674 2 9197
2675 2 7595
2675 2 3593
2675 2 5986
2676 2 5793
2676 2 7688
2676 2 5171
2677 2 6593
2677 2 4025
2677 2 4342
2678 2 8039
2678 2 7308
2678 2 6401
2679 2 8183
2679 2 9252
2679 2 4029
2680 2 5363
2680 2 9677
2680 2 6567
2681 2 4393
2681 2 7896
2681 2 5883
2681 2 6708
2681 2 5664
2682 2 4264
2682 2 7374
2682 2 6061
2683 2 5806
2683 2 6535
2683 2 5064
2684 2 5377
2684 2 9115
2684 2 4837
2685 2 9942
2685 2 9481
2685 2 4188
2686 2 9991
2686 2 10245
2686 2 5332
2687 2 7595
2687 2 8477
2687 2 7631
2688 2 4569
2688 2 3929
2688 2 9416
2689 2 8108
2689 2 9184
2689 2 6832
2690 2 8909
2690 2 4289
2690 2 9365
2691 2 10514
2691 2 6363
2691 2 6095
2692 2 9399
2692 2 5501
2692 2 8505
2693 2 5523
2693 2 5260
2693 2 4587
2694 2 8694
2694 2 3816
2694 2 3909
2695 2 5292
2695 2 4857
2695 2 9008
2696 2 4170
2696 2 6041
2696 2 7235
2697 2 9156
2697 2 5993
2697 2 6929
2698 2 9508
2698 2 8704
2698 2 3626
2699 2 4792
2699 2 6309
2699 2 9571
2700 2 5416
2700 2 7337
2700 2 3815
2701 2 5416
2701 2 9810
2701 2 6167
2702 2 7506
2702 2 8533
2702 2 7794
2703 2 5367
2703 2 9904
2703 2 5835
2704 2 4467
2704 2 4583
2704 2 5495
2705 2 9446
2705 2 8174
2705 2 6907
2706 2 5558
2706 2 10298
2706 2 9423
2707 2 9918
2707 2 8457
2707 2 6038
2708 2 7634
2708 2 4081
2708 2 8037
2709 2 6919
2709 2 8347
2709 2 8983
2710 2 10329
2710 2 8986
2710 2 5444
2711 2 4220
2711 2 3972
2711 2 5339
2712 2 8070
2712 2 3592
2712 2 6411
2713 2 8303
2713 2 6909
2713 2 10553
2714 2 4247
2714 2 7898
2714 2 5749
2715 2 3833
2715 2 9226
2715 2 8145
2716 2 5637
2716 2 4196
2716 2 7905
2717 2 9302
2717 2 6986
2717 2 9115
2718 2 5254
2718 2 10187
2718 2 9566
2719 2 8181
2719 2 6343
2719 2 8103
2720 2 3592
2720 2 8186
2720 2 9940
2721 2 7974
2721 2 6506
2721 2 9952
2722 2 3940
2722 2 4443
2722 2 7164
2723 2 8767
2723 2 4567
2723 2 6318
2724 2 6764
2724 2 8484
2724 2 9326
2726 2 5322
2726 2 5469
2726 2 7937
2727 2 8531
2727 2 4580
2727 2 8618
2728 2 5489
2728 2 5377
2728 2 9115
2729 2 9297
2729 2 10478
2729 2 5092
2730 2 4486
2730 2 6194
2730 2 6865
2731 2 6305
2731 2 9705
2731 2 7715
2732 2 4343
2732 2 6326
2732 2 9951
2733 2 6791
2733 2 3592
2733 2 4075
2734 2 7044
2734 2 5568
2734 2 3684
2735 2 4653
2735 2 6994
2735 2 8365
2736 2 8939
2736 2 8149
2736 2 10258
2737 2 7901
2737 2 4503
2737 2 4416
2738 2 6806
2738 2 7178
2738 2 6342
2739 2 4893
2739 2 6559
2740 2 9777
2740 2 8603
2740 2 10386
2741 2 4170
2741 2 7207
2741 2 6860
2742 2 6421
2742 2 10418
2742 2 10500
2743 2 7469
2743 2 5425
2743 2 7614
2743 2 5871
2743 2 10391
2744 2 6379
2744 2 8012
2744 2 4601
2745 2 9991
2745 2 10272
2745 2 7334
2746 2 10245
2746 2 10584
2746 2 4703
2747 2 10444
2747 2 7146
2747 2 9080
2748 2 6161
2748 2 9466
2748 2 6429
2749 2 6095
2749 2 6836
2749 2 6457
2750 2 6688
2750 2 5021
2750 2 7172
2751 2 6421
2751 2 5607
2751 2 7849
2752 2 5886
2752 2 9252
2752 2 9297
2753 2 10444
2753 2 5894
2753 2 7146
2754 2 4812
2754 2 4259
2754 2 10187
2755 2 8183
2755 2 5886
2755 2 3874
2756 2 6578
2756 2 8839
2756 2 5886
2757 2 9246
2757 2 6458
2757 2 9939
2758 2 9246
2758 2 4539
2758 2 10551
2759 2 9337
2759 2 9246
2759 2 7156
2760 2 5116
2760 2 9498
2760 2 9971
2761 2 9246
2761 2 10490
2761 2 7450
2762 2 9337
2762 2 6578
2762 2 3568
2763 2 8111
2763 2 9738
2763 2 9663
2764 2 6682
2764 2 9530
2764 2 10474
2765 2 7645
2765 2 9506
2765 2 5280
2766 2 3875
2766 2 9738
2766 2 5278
2767 2 5687
2767 2 3969
2767 2 9336
2768 2 10164
2768 2 10089
2768 2 6748
2769 2 9246
2769 2 8921
2769 2 4057
2770 2 9501
2770 2 8880
2770 2 7855
2771 2 9739
2771 2 10132
2771 2 6691
2772 2 6513
2772 2 6474
2772 2 7411
2773 2 5292
2773 2 7476
2773 2 9694
2774 2 5297
2774 2 5603
2774 2 10522
2775 2 5463
2775 2 8613
2775 2 9054
2776 2 3843
2776 2 7897
2776 2 8497
2777 2 7137
2777 2 9009
2777 2 9828
2778 2 5078
2778 2 10314
2778 2 6931
2779 2 7240
2779 2 6042
2779 2 7153
2780 2 9717
2780 2 7137
2780 2 4935
2781 2 9636
2781 2 10537
2781 2 9538
2782 2 10164
2782 2 4369
2782 2 8119
2783 2 7817
2783 2 8211
2783 2 6171
2784 2 8013
2784 2 8346
2784 2 8816
2785 2 4393
2785 2 6149
2785 2 7251
2786 2 6525
2786 2 5162
2786 2 8942
2787 2 9252
2787 2 8222
2787 2 4207
2788 2 6374
2788 2 7982
2788 2 7601
2789 2 5934
2789 2 5021
2789 2 9366
2790 2 6771
2790 2 7917
2790 2 4202
2791 2 4392
2791 2 7142
2791 2 5326
2792 2 7797
2792 2 9537
2792 2 4481
2793 2 6042
2793 2 6310
2793 2 8102
2794 2 4243
2794 2 10047
2794 2 3569
2795 2 10245
2795 2 7535
2796 2 9348
2796 2 5227
2796 2 3982
2798 2 9215
2798 2 5288
2798 2 10497
2799 2 10164
2799 2 5018
2799 2 8171
2800 2 8162
2800 2 5465
2800 2 9157
2800 2 8113
2801 2 4857
2801 2 7419
2801 2 7508
2802 2 9046
2802 2 3872
2802 2 7229
2803 2 6578
2803 2 4826
2803 2 10111
2804 2 7351
2804 2 7259
2804 2 9129
2805 2 6363
2805 2 9947
2805 2 8960
2806 2 6771
2806 2 4015
2806 2 4593
2807 2 9337
2807 2 9524
2807 2 5399
2808 2 5741
2808 2 8198
2808 2 6167
2809 2 5895
2809 2 10601
2809 2 7608
2809 2 10441
2809 2 9906
2810 2 9857
2810 2 6402
2810 2 6267
2811 2 7137
2811 2 10157
2811 2 6506
2812 2 9009
2812 2 7674
2812 2 10136
2813 2 9674
2813 2 6578
2813 2 8522
2814 2 6699
2814 2 5132
2814 2 3735
2815 2 3706
2815 2 9799
2815 2 7638
2815 2 7517
2816 2 10466
2816 2 5111
2816 2 7691
2817 2 6310
2817 2 4418
2817 2 3975
2818 2 6310
2818 2 8853
2818 2 5111
2819 2 9636
2819 2 10115
2819 2 8679
2820 2 9735
2820 2 7513
2820 2 6064
2821 2 3927
2821 2 7419
2821 2 9722
2822 2 3623
2822 2 5116
2822 2 4407
2823 2 6701
2823 2 4919
2823 2 5843
2824 2 10089
2824 2 9717
2824 2 3652
2825 2 7103
2825 2 5972
2825 2 8037
2826 2 6207
2826 2 7182
2826 2 8313
2827 2 5120
2827 2 5077
2827 2 10331
2828 2 9237
2828 2 5409
2828 2 6778
2829 2 3940
2829 2 10539
2829 2 7691
2830 2 3914
2830 2 6682
2830 2 8633
2831 2 5636
2831 2 9267
2831 2 4997
2832 2 9744
2832 2 8800
2832 2 6270
2833 2 9789
2833 2 9336
2833 2 7457
2834 2 5475
2834 2 10583
2834 2 8089
2835 2 10526
2835 2 3832
2835 2 4750
2836 2 7764
2836 2 7003
2836 2 9491
2837 2 10434
2837 2 9068
2837 2 5998
2838 2 7355
2838 2 5142
2838 2 5621
2839 2 6420
2839 2 9336
2839 2 8846
2840 2 4013
2840 2 6451
2840 2 8664
2841 2 9297
2841 2 4047
2841 2 4264
2842 2 10504
2842 2 5206
2842 2 8639
2843 2 9626
2843 2 8101
2843 2 7917
2844 2 5260
2844 2 9858
2844 2 10338
2845 2 7407
2845 2 5614
2845 2 9199
2846 2 6310
2846 2 9026
2846 2 8636
2847 2 6310
2847 2 7208
2847 2 4190
2848 2 9524
2848 2 8536
2848 2 4195
2849 2 6406
2849 2 5934
2849 2 7514
2850 2 6578
2850 2 6431
2850 2 8995
2851 2 5934
2851 2 4006
2851 2 9913
2852 2 9548
2852 2 5403
2852 2 7010
2853 2 9636
2853 2 6611
2853 2 7104
2854 2 9524
2854 2 8136
2854 2 4362
2855 2 4871
2855 2 6038
2855 2 7360
2856 2 7361
2856 2 9000
2856 2 5012
2857 2 5523
2857 2 7533
2857 2 8634
2858 2 9747
2858 2 5115
2858 2 8765
2859 2 3582
2859 2 5667
2859 2 6470
2860 2 5296
2860 2 7492
2860 2 9917
2861 2 8064
2861 2 8119
2861 2 8205
2862 2 3913
2862 2 3891
2862 2 6476
2863 2 8955
2863 2 7119
2863 2 9462
2864 2 4295
2864 2 5432
2864 2 3810
2865 2 5331
2865 2 7458
2865 2 7461
2866 2 5659
2866 2 7124
2866 2 9649
2867 2 4133
2867 2 5721
2867 2 5411
2868 2 7019
2868 2 8091
2868 2 7864
2869 2 4393
2869 2 9483
2869 2 9955
2870 2 8266
2870 2 7767
2870 2 9201
2871 2 4170
2871 2 8830
2871 2 4374
2872 2 5194
2872 2 6959
2872 2 8696
2873 2 8701
2873 2 5502
2873 2 3991
2874 2 8472
2874 2 9889
2874 2 4134
2875 2 4806
2875 2 4617
2875 2 5032
2876 2 7656
2876 2 7869
2877 2 5303
2877 2 8305
2877 2 3831
2878 2 8798
2878 2 4278
2878 2 9624
2879 2 9125
2879 2 7964
2879 2 8976
2880 2 9657
2880 2 9517
2880 2 7093
2881 2 3825
2881 2 5094
2881 2 5120
2882 2 6042
2882 2 10471
2882 2 7796
2883 2 10471
2883 2 7266
2883 2 7796
2884 2 3871
2884 2 8046
2884 2 9060
2885 2 7078
2885 2 5475
2885 2 10373
2886 2 3875
2886 2 8102
2886 2 6458
2887 2 3623
2887 2 4623
2887 2 6416
2888 2 4870
2888 2 8326
2888 2 9209
2889 2 4693
2889 2 4870
2889 2 8326
2890 2 10164
2890 2 5741
2890 2 7703
2891 2 6023
2891 2 9625
2891 2 3874
2892 2 10469
2892 2 7361
2892 2 5717
2893 2 8136
2893 2 4369
2893 2 5894
2894 2 8536
2894 2 10066
2894 2 10157
2895 2 3914
2895 2 5416
2895 2 10317
2896 2 4318
2896 2 4412
2896 2 7457
2897 2 9695
2897 2 9047
2897 2 8428
2898 2 10466
2898 2 10539
2898 2 9433
2899 2 5220
2899 2 7440
2899 2 8772
2900 2 10224
2900 2 4593
2900 2 10020
2901 2 4111
2901 2 6329
2901 2 8485
2902 2 4482
2902 2 10609
2902 2 7430
2903 2 9942
2903 2 6739
2903 2 5468
2904 2 8111
2904 2 5353
2904 2 6439
2905 2 8390
2905 2 4839
2905 2 9444
2906 2 6919
2906 2 5728
2906 2 9045
2907 2 6042
2907 2 4312
2907 2 5592
2908 2 4797
2908 2 4961
2908 2 8490
2909 2 4318
2909 2 6611
2909 2 9885
2910 2 9635
2910 2 10484
2910 2 8587
2911 2 9554
2911 2 7613
2911 2 8606
2912 2 7054
2912 2 9412
2912 2 7891
2913 2 4934
2913 2 9057
2913 2 5868
2914 2 9466
2914 2 9875
2914 2 8369
2915 2 5744
2915 2 9661
2915 2 10300
2916 2 5774
2916 2 6764
2916 2 6299
2917 2 7570
2917 2 10087
2917 2 4911
2918 2 4603
2918 2 6536
2918 2 7952
2919 2 6704
2919 2 8552
2919 2 7331
2920 2 5939
2920 2 6429
2920 2 7784
2921 2 8358
2921 2 6176
2921 2 10602
2922 2 9118
2922 2 4795
2922 2 6540
2923 2 10087
2923 2 5571
2923 2 10116
2924 2 8491
2924 2 8110
2924 2 4465
2925 2 4355
2925 2 7144
2925 2 5743
2926 2 9716
2926 2 7114
2926 2 4643
2927 2 8496
2927 2 5874
2927 2 10357
2928 2 5139
2928 2 8101
2928 2 7663
2929 2 4769
2929 2 8998
2929 2 10357
2930 2 4369
2930 2 9420
2930 2 8065
2931 2 10068
2931 2 5519
2931 2 10229
2932 2 10249
2932 2 3723
2932 2 6684
2933 2 6042
2933 2 9160
2933 2 10551
2934 2 6836
2934 2 6529
2934 2 8556
2935 2 4524
2935 2 8134
2935 2 3620
2936 2 4524
2936 2 10383
2936 2 5554
2937 2 8039
2937 2 6065
2937 2 8393
2938 2 5737
2939 2 4524
2939 2 5301
2939 2 6320
2940 2 6421
2940 2 3984
2940 2 5212
2941 2 8208
2941 2 5842
2941 2 5647
2942 2 7419
2942 2 5496
2942 2 8689
2943 2 5728
2943 2 4563
2943 2 4081
2944 2 8183
2944 2 5567
2944 2 10132
2945 2 10115
2945 2 7380
2945 2 9694
2946 2 4021
2946 2 4215
2946 2 5295
2947 2 6205
2947 2 3777
2947 2 6667
2948 2 4306
2948 2 8432
2948 2 5512
2949 2 4919
2949 2 8490
2949 2 4134
2950 2 7786
2950 2 9465
2950 2 4100
2951 2 3892
2951 2 6873
2951 2 5706
2952 2 10029
2952 2 8294
2952 2 6348
2953 2 5558
2953 2 6103
2953 2 6975
2954 2 4090
2954 2 8572
2954 2 7687
2955 2 10444
2955 2 8459
2955 2 8679
2956 2 7374
2956 2 8043
2956 2 4421
2957 2 9928
2957 2 4126
2957 2 4790
2958 2 6179
2958 2 7508
2958 2 5320
2959 2 5168
2959 2 7762
2959 2 6110
2961 2 6717
2961 2 7329
2961 2 9474
2962 2 6367
2962 2 6406
2962 2 8091
2963 2 4077
2963 2 10239
2963 2 10225
2964 2 10504
2964 2 4334
2964 2 7115
2965 2 8064
2965 2 8531
2965 2 6880
2966 2 5601
2966 2 9060
2966 2 10373
2967 2 10507
2967 2 7804
2967 2 4783
2968 2 9387
2968 2 4315
2968 2 7641
2969 2 5902
2969 2 4417
2969 2 5396
2970 2 4296
2970 2 4545
2970 2 10590
2971 2 4138
2971 2 6913
2971 2 4187
2972 2 9716
2972 2 4742
2972 2 9454
2973 2 10507
2973 2 4783
2973 2 6591
2974 2 6396
2974 2 3779
2974 2 9994
2975 2 10104
2975 2 5728
2975 2 5189
2976 2 5601
2976 2 6994
2976 2 7552
2977 2 4486
2977 2 8600
2977 2 9559
2978 2 8136
2978 2 3659
2978 2 9197
2979 2 5116
2979 2 4908
2979 2 5103
2980 2 5746
2980 2 5111
2980 2 4029
2981 2 10104
2981 2 9918
2981 2 7361
2982 2 3623
2982 2 6840
2982 2 8809
2983 2 9125
2983 2 9393
2983 2 8749
2984 2 9836
2984 2 6526
2984 2 7718
2985 2 6986
2985 2 10324
2985 2 6597
2986 2 4756
2986 2 9115
2986 2 8017
2987 2 10504
2987 2 10358
2987 2 4753
2988 2 5934
2988 2 6535
2988 2 4471
2989 2 5082
2989 2 10153
2989 2 6883
2990 2 8122
2990 2 4969
2990 2 9408
2991 2 4086
2991 2 5812
2991 2 9314
2992 2 4788
2992 2 3749
2992 2 4037
2993 2 6816
2993 2 10442
2993 2 10180
2994 2 3863
2994 2 10425
2994 2 4297
2995 2 6919
2995 2 3964
2995 2 5907
2995 2 7873
2995 2 10408
2996 2 5637
2996 2 5934
2996 2 4006
2997 2 6895
2997 2 6158
2997 2 9685
2998 2 8392
2998 2 6490
2998 2 7902
2999 2 8774
2999 2 5359
2999 2 5467
3000 2 10434
3000 2 7974
3000 2 9304
3001 2 10164
3001 2 6832
3001 2 9202
3002 2 6305
3002 2 5724
3002 2 7361
3003 2 6832
3003 2 6598
3003 2 3899
3004 2 6908
3004 2 8122
3004 2 7845
3005 2 10193
3005 2 8252
3005 2 5543
3006 2 9636
3006 2 7786
3006 2 8739
3007 2 7786
3007 2 5942
3007 2 6046
3008 2 8136
3008 2 9428
3008 2 5277
3009 2 8932
3009 2 5418
3009 2 8184
3010 2 4369
3010 2 6901
3010 2 7395
3011 2 6578
3011 2 7395
3011 2 9197
3012 2 5609
3012 2 6712
3012 2 6657
3013 2 5609
3013 2 6712
3013 2 4954
3014 2 5609
3014 2 6712
3014 2 4954
3015 2 5609
3015 2 6712
3015 2 7261
3015 2 4463
3015 2 9142
3016 2 6873
3016 2 4536
3016 2 4206
3017 2 8711
3017 2 9640
3017 2 10506
3018 2 4089
3018 2 9143
3018 2 5885
3019 2 5039
3019 2 9144
3019 2 6506
3020 2 4755
3020 2 4043
3020 2 9315
3021 2 7341
3021 2 9404
3021 2 9230
3022 2 5934
3022 2 10389
3022 2 9231
3023 2 7122
3023 2 3662
3023 2 4967
3024 2 5131
3024 2 3716
3024 2 7348
3025 2 6565
3025 2 7629
3025 2 9471
3026 2 9997
3026 2 4064
3026 2 10566
3027 2 4527
3027 2 4297
3027 2 5379
3028 2 10504
3028 2 6612
3028 2 10243
3029 2 5552
3029 2 5481
3029 2 3769
3030 2 8601
3030 2 10404
3030 2 10346
3031 2 4388
3031 2 8516
3031 2 5487
3032 2 5741
3032 2 9918
3032 2 6042
3033 2 8266
3033 2 3913
3033 2 3827
3034 2 3623
3034 2 6860
3034 2 6318
3035 2 10169
3035 2 7207
3035 2 6823
3036 2 10254
3036 2 10204
3036 2 6831
3037 2 7512
3037 2 5848
3037 2 10129
3038 2 4915
3038 2 8635
3038 2 9454
3039 2 10466
3039 2 9763
3039 2 5120
3040 2 10466
3040 2 3871
3040 2 9763
3041 2 4756
3041 2 9910
3041 2 7534
3042 2 5523
3042 2 7019
3042 2 9191
3043 2 7157
3044 2 4522
3044 2 10365
3044 2 6136
3045 2 4522
3045 2 6693
3045 2 10365
3046 2 4522
3046 2 5079
3046 2 5281
3047 2 4522
3047 2 7281
3047 2 6937
3048 2 4522
3048 2 9269
3048 2 8229
3048 2 7583
3048 2 4701
3049 2 5646
3049 2 4043
3049 2 5320
3050 2 7122
3050 2 10361
3050 2 4412
3051 2 10319
3051 2 7435
3051 2 8447
3052 2 5352
3052 2 7108
3052 2 7081
3053 2 8650
3053 2 5052
3053 2 8275
3054 2 5352
3054 2 9898
3054 2 8650
3055 2 8717
3055 2 7529
3055 2 4399
3056 2 7509
3056 2 9819
3056 2 8165
3057 2 8330
3057 2 9846
3057 2 4973
3058 2 6543
3058 2 5215
3058 2 7530
3059 2 5523
3059 2 10201
3059 2 4255
3060 2 7532
3060 2 8606
3060 2 6655
3061 2 10426
3061 2 8766
3061 2 7752
3062 2 9337
3062 2 5558
3062 2 10189
3063 2 5139
3063 2 7613
3063 2 6506
3064 2 10434
3064 2 6305
3064 2 3851
3065 2 7244
3065 2 9761
3065 2 9716
3066 2 6260
3066 2 6690
3066 2 3551
3067 2 7079
3067 2 7541
3067 2 4615
3068 2 9665
3068 2 7956
3068 2 6770
3069 2 6139
3069 2 8389
3069 2 9505
3069 2 5515
3069 2 5348
3070 2 4184
3070 2 4166
3070 2 8487
3071 2 7130
3071 2 5687
3071 2 8465
3072 2 6356
3072 2 10156
3072 2 6160
3073 2 4524
3073 2 8795
3073 2 6091
3074 2 10099
3074 2 8830
3074 2 4569
3075 2 6305
3075 2 7140
3075 2 9508
3076 2 9249
3076 2 3710
3076 2 4539
3077 2 8767
3077 2 8694
3077 2 8129
3078 2 8767
3078 2 8950
3078 2 6321
3079 2 5747
3079 2 9761
3079 2 5667
3080 2 7803
3080 2 10575
3080 2 8338
3081 2 9125
3081 2 10022
3081 2 5632
3082 2 8359
3082 2 8425
3082 2 6549
3083 2 6697
3083 2 7456
3083 2 9668
3084 2 9690
3084 2 5377
3084 2 8405
3085 2 10104
3085 2 4915
3085 2 5374
3086 2 3918
3086 2 8093
3086 2 5073
3087 2 5466
3087 2 7714
3087 2 9422
3088 2 8286
3088 2 8054
3088 2 9481
3089 2 4561
3089 2 4793
3089 2 7349
3090 2 6845
3090 2 6205
3090 2 10145
3091 2 6735
3091 2 7014
3091 2 7867
3092 2 7337
3092 2 7371
3092 2 9433
3093 2 8787
3093 2 7083
3093 2 6122
3094 2 6050
3094 2 6169
3094 2 8886
3095 2 6362
3095 2 6986
3095 2 9286
3095 2 4515
3095 2 8737
3096 2 9239
3096 2 8693
3096 2 8437
3097 2 9337
3097 2 7122
3097 2 5260
3098 2 4677
3098 2 8840
3098 2 3670
3099 2 5076
3099 2 9521
3099 2 9631
3100 2 9458
3100 2 10356
3100 2 5783
3101 2 6986
3101 2 7398
3101 2 5882
3102 2 6853
3102 2 3572
3102 2 4960
3103 2 9705
3103 2 8475
3103 2 8805
3104 2 5220
3104 2 7964
3104 2 6506
3105 2 4254
3105 2 6240
3105 2 4208
3106 2 7262
3106 2 6362
3106 2 9130
3107 2 4185
3107 2 7160
3107 2 5029
3108 2 9506
3108 2 6389
3108 2 4309
3109 2 8536
3109 2 8205
3109 2 4265
3110 2 8460
3110 2 5221
3110 2 7190
3111 2 5523
3111 2 10504
3111 2 8851
3112 2 5746
3112 2 7361
3112 2 9640
3113 2 8522
3113 2 4535
3113 2 7773
3114 2 10434
3114 2 6305
3114 2 6857
3115 2 4756
3115 2 4587
3115 2 9749
3116 2 5863
3116 2 9401
3116 2 9410
3117 2 5116
3117 2 6702
3117 2 9678
3118 2 4961
3118 2 9605
3118 2 8606
3119 2 8357
3119 2 4978
3119 2 4473
3120 2 10201
3120 2 9548
3120 2 5968
3121 2 9789
3121 2 6195
3121 2 6135
3122 2 8989
3122 2 5035
3122 2 9562
3123 2 6305
3123 2 6421
3123 2 7407
3124 2 7653
3124 2 4457
3124 2 5960
3125 2 4175
3125 2 9417
3125 2 10252
3126 2 6023
3126 2 5318
3126 2 9304
3127 2 3893
3127 2 4297
3127 2 5262
3128 2 10583
3128 2 8028
3128 2 9623
3129 2 6095
3129 2 3935
3129 2 3960
3130 2 8939
3130 2 3729
3130 2 9039
3131 2 6871
3131 2 5259
3131 2 7679
3132 2 10164
3132 2 9992
3132 2 3588
3133 2 9857
3133 2 8014
3133 2 5144
3134 2 3969
3134 2 4429
3134 2 7379
3135 2 8522
3135 2 4207
3135 2 4047
3136 2 6310
3136 2 6682
3136 2 6842
3137 2 9499
3137 2 8940
3137 2 8865
3138 2 5419
3138 2 9818
3138 2 7268
3139 2 9049
3139 2 6088
3139 2 9379
3140 2 7284
3140 2 10148
3140 2 7429
3141 2 9554
3141 2 10354
3141 2 5173
3142 2 4635
3142 2 7183
3142 2 7080
3143 2 4094
3143 2 5324
3143 2 6603
3144 2 5125
3144 2 7634
3144 2 8767
3145 2 8619
3145 2 7630
3145 2 7045
3146 2 8735
3146 2 9853
3146 2 6915
3147 2 5096
3147 2 5391
3147 2 5980
3148 2 9197
3148 2 9509
3148 2 9235
3149 2 7355
3149 2 9850
3149 2 8300
3150 2 7144
3150 2 4233
3150 2 4344
3151 2 8266
3151 2 7679
3151 2 6084
3152 2 4133
3152 2 6747
3152 2 10334
3153 2 5724
3153 2 3714
3153 2 10317
3154 2 9418
3154 2 5560
3154 2 4790
3155 2 7961
3155 2 5614
3155 2 6535
3156 2 9918
3156 2 4486
3156 2 4965
3157 2 5260
3157 2 7514
3157 2 9449
3158 2 4583
3158 2 4170
3158 2 9352
3159 2 7550
3159 2 6405
3159 2 8587
3160 2 7186
3161 2 6042
3161 2 4173
3161 2 8063
3162 2 7422
3162 2 6431
3162 2 7079
3163 2 7471
3163 2 3815
3163 2 10293
3164 2 4524
3164 2 4709
3164 2 8543
3165 2 7758
3165 2 6055
3165 2 4477
3166 2 7422
3166 2 10489
3166 2 5070
3167 2 9800
3167 2 7907
3167 2 7433
3168 2 8457
3168 2 3991
3168 2 6384
3169 2 4919
3169 2 7385
3169 2 8846
3170 2 3765
3170 2 3947
3170 2 3703
3172 2 8265
3172 2 10564
3172 2 9696
3173 2 8187
3173 2 10166
3173 2 7287
3174 2 8142
3174 2 7193
3174 2 7194
3175 2 5141
3175 2 9029
3175 2 6620
3176 2 6961
3176 2 4752
3176 2 5203
3177 2 4889
3177 2 8555
3177 2 5193
3178 2 7454
3178 2 8221
3178 2 4741
3180 2 6766
3180 2 9470
3180 2 4785
3181 2 7395
3181 2 10370
3181 2 7610
3182 2 9636
3182 2 3875
3182 2 7436
3183 2 6966
3183 2 7709
3183 2 9675
3184 2 9136
3184 2 10312
3184 2 3978
3185 2 5542
3185 2 6597
3185 2 6589
3186 2 8854
3186 2 9044
3186 2 10247
3187 2 6240
3187 2 7544
3187 2 5347
3188 2 5383
3188 2 6310
3188 2 4351
3189 2 9942
3189 2 6105
3189 2 8820
3190 2 10022
3190 2 8205
3190 2 5662
3191 2 6539
3191 2 8270
3191 2 5677
3191 2 10578
3191 2 8404
3192 2 5558
3192 2 6976
3192 2 4059
3193 2 3757
3193 2 5476
3193 2 9583
3194 2 8496
3194 2 4053
3194 2 6437
3195 2 4951
3195 2 8580
3195 2 5341
3196 2 3754
3196 2 4316
3196 2 7021
3197 2 7454
3197 2 5475
3197 2 5143
3198 2 5747
3198 2 5614
3198 2 7260
3199 2 3827
3199 2 5394
3199 2 6744
3200 2 6389
3200 2 10324
3200 2 9243
3201 2 5394
3201 2 7163
3201 2 9266
3201 2 6377
3201 2 7599
3202 2 7363
3202 2 4337
3202 2 7524
3203 2 9418
3203 2 8459
3203 2 7221
3204 2 10434
3204 2 4465
3204 2 5394
3205 2 5747
3205 2 5614
3205 2 4137
3206 2 6389
3206 2 10324
3206 2 8679
3207 2 8772
3207 2 5365
3207 2 7920
3208 2 4041
3208 2 10546
3209 2 4043
3209 2 5394
3209 2 6750
3210 2 10424
3210 2 8948
3210 2 5650
3210 2 7095
3210 2 4720
3211 2 9692
3211 2 6977
3211 2 9415
3212 2 9296
3212 2 6791
3212 2 5183
3213 2 8531
3213 2 9573
3213 2 6362
3214 2 4839
3214 2 7136
3214 2 9545
3215 2 6488
3215 2 8130
3215 2 10594
3216 2 4271
3216 2 3770
3216 2 9641
3217 2 10537
3217 2 6161
3217 2 10250
3218 2 8286
3218 2 10217
3218 2 7170
3219 2 7137
3219 2 9449
3219 2 8573
3220 2 8108
3220 2 5601
3220 2 9398
3221 2 4541
3221 2 5256
3222 2 8642
3222 2 6319
3222 2 7744
3223 2 8383
3223 2 7696
3223 2 8097
3224 2 10211
3224 2 10399
3224 2 6969
3224 2 8057
3224 2 3900
3225 2 4414
3225 2 5565
3225 2 9711
3226 2 6986
3226 2 3863
3226 2 6837
3227 2 4524
3227 2 7777
3227 2 10177
3228 2 4524
3228 2 7787
3228 2 3745
3229 2 5794
3229 2 10010
3229 2 5136
3230 2 7419
3230 2 4388
3230 2 5667
3231 2 7318
3231 2 4020
3231 2 3666
3232 2 4520
3232 2 10306
3232 2 8671
3233 2 9559
3233 2 7776
3233 2 9900
3234 2 9366
3234 2 7688
3234 2 8210
3235 2 4677
3235 2 9366
3235 2 4328
3236 2 4524
3236 2 8092
3236 2 6651
3237 2 5301
3237 2 4719
3237 2 4425
3238 2 4198
3238 2 6986
3238 2 3661
3239 2 6986
3239 2 5114
3239 2 9913
3240 2 6986
3240 2 10436
3240 2 4714
3241 2 4794
3241 2 3931
3241 2 5175
3242 2 8496
3242 2 7985
3242 2 8741
3243 2 3955
3243 2 4570
3243 2 7857
3244 2 8840
3244 2 5560
3244 2 8071
3245 2 9136
3245 2 6065
3245 2 7510
3246 2 4670
3246 2 4500
3246 2 4434
3247 2 9229
3247 2 8196
3247 2 7695
3248 2 3927
3248 2 5934
3248 2 5021
3249 2 4102
3249 2 4144
3250 2 5808
3250 2 4527
3250 2 7739
3251 2 6406
3251 2 4006
3251 2 8548
3252 2 4040
3252 2 6376
3252 2 3793
3253 2 6957
3253 2 8401
3253 2 6162
3254 2 8749
3254 2 6240
3254 2 10503
3254 2 6732
3255 2 5371
3255 2 4779
3255 2 9864
3255 2 5923
3256 2 5970
3256 2 9152
3256 2 6188
3256 2 7439
3257 2 5897
3257 2 4511
3257 2 3990
3257 2 10019
3258 2 5897
3258 2 4511
3258 2 5970
3258 2 10019
3258 2 6200
3259 2 5805
3259 2 5406
3259 2 7077
3259 2 8192
3260 2 7569
3260 2 8609
3260 2 6923
3261 2 6598
3261 2 6955
3261 2 8651
3262 2 9286
3262 2 4386
3262 2 5660
3262 2 10422
3262 2 6733
3263 2 5756
3263 2 4751
3263 2 9740
3264 2 8831
3264 2 5080
3264 2 8721
3265 2 9066
3265 2 5600
3265 2 4106
3266 2 8721
3266 2 4106
3266 2 3979
3267 2 4924
3267 2 4196
3267 2 9429
3268 2 6309
3268 2 4568
3268 2 3740
3269 2 8705
3270 2 7407
3270 2 5346
3270 2 5614
3271 2 5484
3271 2 3717
3271 2 4201
3272 2 6795
3272 2 9883
3272 2 5754
3273 2 4756
3273 2 7540
3273 2 5846
3274 2 4756
3274 2 5986
3274 2 8377
3275 2 5567
3275 2 6870
3275 2 4863
3276 2 8286
3276 2 6578
3276 2 4073
3277 2 6310
3277 2 7254
3277 2 9276
3278 2 7355
3278 2 7391
3278 2 7122
3279 2 4866
3279 2 7919
3279 2 10541
3280 2 4866
3280 2 7919
3280 2 10541
3281 2 4866
3281 2 10541
3281 2 10220
3282 2 8064
3282 2 8932
3282 2 4132
3283 2 6469
3283 2 5854
3283 2 9295
3284 2 5415
3284 2 4087
3284 2 8456
3285 2 9391
3285 2 6815
3285 2 8933
3286 2 9391
3286 2 6815
3286 2 8933
3287 2 10150
3287 2 6500
3287 2 9856
3288 2 5709
3288 2 4922
3288 2 7379
3289 2 3969
3289 2 7854
3289 2 10551
3290 2 6578
3290 2 7207
3290 2 4545
3291 2 6793
3291 2 4946
3291 2 9421
3292 2 10017
3292 2 6362
3292 2 7811
3293 2 8111
3293 2 6761
3293 2 6166
3294 2 5145
3294 2 9369
3295 2 8111
3295 2 10125
3295 2 4368
3296 2 8111
3296 2 5894
3296 2 4969
3297 2 9246
3297 2 8300
3297 2 7657
3298 2 9905
3298 2 6375
3298 2 10278
3298 2 9659
3299 2 5254
3299 2 5658
3299 2 4999
3300 2 3722
3300 2 8428
3300 2 4310
3301 2 4814
3301 2 10320
3301 2 4429
3302 2 10471
3302 2 7547
3302 2 8368
3303 2 9506
3303 2 4497
3303 2 7371
3304 2 10471
3304 2 9738
3304 2 5265
3305 2 10471
3305 2 7252
3305 2 8226
3306 2 10471
3306 2 5685
3306 2 4233
3307 2 10471
3307 2 9455
3307 2 9520
3308 2 8531
3308 2 3832
3308 2 5874
3309 2 6960
3309 2 3942
3309 2 6068
3310 2 3724
3310 2 8461
3310 2 3684
3311 2 9009
3311 2 9430
3311 2 8996
3312 2 5125
3312 2 8522
3312 2 5409
3313 2 8111
3313 2 5886
3313 2 3637
3314 2 7019
3314 2 6458
3314 2 4351
3315 2 8137
3315 2 9402
3315 2 6653
3316 2 4005
3316 2 4944
3316 2 7519
3317 2 7471
3317 2 3586
3317 2 6628
3318 2 4173
3318 2 4829
3318 2 4180
3319 2 4526
3319 2 9165
3319 2 8414
3320 2 5746
3320 2 6840
3320 2 3739
3321 2 6578
3321 2 7660
3321 2 6883
3322 2 6838
3322 2 7419
3322 2 4469
3323 2 10111
3323 2 7648
3323 2 6889
3324 2 6659
3324 2 10257
3324 2 9133
3325 2 3623
3325 2 6951
3325 2 6303
3326 2 7419
3326 2 8960
3326 2 6446
3326 2 9228
3326 2 5594
3327 2 10434
3327 2 5744
3327 2 7419
3328 2 5894
3328 2 4088
3328 2 8248
3329 2 6109
3329 2 8367
3329 2 7279
3330 2 7450
3330 2 7396
3330 2 5107
3331 2 7992
3331 2 9738
3331 2 10446
3332 2 3678
3332 2 10402
3332 2 5945
3332 2 6269
3332 2 8339
3333 2 5659
3333 2 4712
3333 2 4281
3334 2 4635
3334 2 9548
3334 2 10318
3335 2 4175
3335 2 5254
3335 2 8037
3336 2 4656
3336 2 7116
3337 2 4184
3337 2 9285
3337 2 10240
3338 2 9126
3338 2 6368
3338 2 8083
3339 2 4486
3339 2 5418
3339 2 10370
3340 2 8111
3340 2 7123
3340 2 8906
3341 2 6701
3341 2 9090
3341 2 3903
3341 2 8398
3341 2 6643
3342 2 8111
3342 2 6805
3342 2 6052
3343 2 9983
3343 2 8988
3343 2 4258
3344 2 5776
3344 2 7950
3344 2 6830
3345 2 6639
3345 2 10293
3345 2 7230
3346 2 9173
3346 2 4038
3346 2 9948
3347 2 7645
3347 2 4693
3347 2 5569
3348 2 5293
3348 2 5156
3348 2 7733
3349 2 4156
3349 2 5492
3349 2 4238
3350 2 4100
3350 2 4849
3350 2 6670
3351 2 4296
3351 2 5143
3351 2 4375
3353 2 10388
3353 2 5194
3353 2 6607
3354 2 4698
3354 2 7771
3354 2 5048
3355 2 4698
3355 2 9752
3355 2 9886
3356 2 4698
3356 2 3611
3356 2 9376
3357 2 6578
3357 2 4756
3357 2 5793
3358 2 5116
3358 2 4687
3358 2 8089
3359 2 6944
3359 2 4460
3359 2 10151
3360 2 4689
3360 2 4680
3360 2 9331
3361 2 7985
3361 2 4689
3361 2 4680
3362 2 7520
3362 2 5156
3362 2 8486
3363 2 9448
3363 2 10266
3363 2 5104
3365 2 6421
3365 2 8795
3365 2 4386
3366 2 7683
3366 2 8629
3366 2 6856
3367 2 10412
3367 2 9165
3367 2 5599
3368 2 9165
3368 2 8414
3368 2 5255
3369 2 4760
3369 2 8524
3369 2 8499
3370 2 4369
3370 2 9759
3370 2 5407
3371 2 7962
3371 2 3858
3371 2 6997
3372 2 8464
3372 2 4750
3372 2 8289
3373 2 6692
3373 2 10603
3373 2 4197
3374 2 7525
3375 2 9347
3375 2 5834
3375 2 4332
3376 2 4606
3376 2 7779
3376 2 5376
3377 2 7355
3377 2 6908
3377 2 7704
3378 2 7058
3378 2 5934
3378 2 6612
3379 2 6197
3379 2 8716
3379 2 6164
3380 2 8333
3380 2 4633
3380 2 7761
3381 2 8394
3381 2 5695
3381 2 5378
3382 2 7103
3382 2 5354
3382 2 10120
3382 2 6295
3382 2 6128
3383 2 7702
3383 2 9923
3383 2 8066
3384 2 6023
3384 2 8286
3384 2 7246
3385 2 9097
3385 2 6214
3385 2 10296
3386 2 8962
3386 2 8453
3386 2 7188
3387 2 6421
3387 2 4086
3387 2 7536
3388 2 9081
3388 2 5403
3388 2 8297
3389 2 3663
3389 2 8255
3389 2 7732
3390 2 9914
3390 2 7664
3390 2 8656
3391 2 5280
3391 2 5718
3391 2 10181
3392 2 5934
3392 2 8621
3392 2 10010
3393 2 6465
3393 2 8718
3393 2 9987
3394 2 6555
3394 2 9754
3394 2 9001
3395 2 9125
3395 2 4170
3395 2 7152
3396 2 8004
3396 2 10484
3396 2 8300
3397 2 6317
3397 2 6984
3397 2 5327
3398 2 10537
3398 2 5756
3398 2 7731
3399 2 5139
3399 2 5837
3399 2 7434
3400 2 5139
3400 2 10537
3400 2 5822
3401 2 8581
3401 2 6184
3401 2 6173
3401 2 5950
3401 2 4576
3402 2 4200
3402 2 7877
3402 2 6121
3402 2 9946
3402 2 6224
3403 2 6421
3403 2 8795
3403 2 6137
3404 2 10246
3404 2 6261
3404 2 9646
3404 2 6127
3405 2 3671
3405 2 9472
3405 2 4768
3406 2 5292
3406 2 6471
3406 2 7493
3407 2 4882
3407 2 10316
3407 2 5095
3407 2 4489
3407 2 5679
3408 2 8394
3408 2 9703
3408 2 5866
3409 2 10526
3409 2 9136
3409 2 3918
3410 2 6873
3410 2 8951
3410 2 3571
3411 2 7355
3411 2 5357
3411 2 7075
3412 2 4756
3412 2 10201
3412 2 5220
3413 2 8618
3413 2 9606
3413 2 6438
3414 2 10066
3414 2 7507
3414 2 8500
3415 2 4273
3415 2 4806
3415 2 7979
3416 2 4247
3416 2 8292
3416 2 7618
3417 2 6494
3417 2 10387
3417 2 3917
3418 2 4756
3418 2 9749
3418 2 5764
3419 2 3724
3419 2 6619
3419 2 4474
3420 2 5200
3420 2 4756
3420 2 10010
3421 2 3836
3421 2 9069
3421 2 6401
3422 2 3548
3422 2 4177
3422 2 9069
3423 2 3548
3423 2 4177
3423 2 9069
3424 2 7471
3424 2 6582
3424 2 6846
3425 2 9249
3425 2 8111
3425 2 8444
3426 2 5531
3426 2 7041
3426 2 7212
3427 2 9506
3427 2 9705
3427 2 8618
3428 2 6548
3428 2 4321
3428 2 4823
3428 2 6463
3428 2 6538
3429 2 6796
3429 2 9352
3429 2 5834
3430 2 5269
3430 2 5931
3430 2 10227
3431 2 9125
3431 2 6908
3431 2 7635
3432 2 5232
3432 2 5772
3432 2 5479
3434 2 7843
3435 2 5209
3435 2 4009
3435 2 6886
3436 2 4448
3436 2 8957
3436 2 4690
3437 2 7865
3437 2 7134
3437 2 6813
3438 2 8466
3438 2 9655
3438 2 6336
3438 2 8769
3438 2 9950
3439 2 6735
3439 2 7395
3439 2 9460
3440 2 8119
3440 2 9807
3440 2 3725
3441 2 9453
3441 2 9974
3441 2 10385
3442 2 4693
3442 2 8877
3442 2 3884
3443 2 5746
3443 2 7286
3443 2 4338
3444 2 9897
3444 2 7234
3444 2 10207
3445 2 6614
3445 2 10361
3445 2 10359
3446 2 9961
3446 2 6124
3446 2 8448
3447 2 4505
3447 2 9851
3447 2 4840
3448 2 8526
3448 2 3859
3448 2 9724
3449 2 6741
3449 2 6581
3449 2 9256
3450 2 7595
3450 2 8967
3450 2 8597
3451 2 7595
3451 2 8967
3451 2 5793
3451 2 8596
3451 2 9259
3452 2 10504
3452 2 7971
3452 2 5520
3453 2 6522
3453 2 3647
3453 2 10313
3454 2 7244
3454 2 5377
3454 2 8405
3455 2 6458
3455 2 7535
3455 2 8163
3456 2 10505
3456 2 7165
3456 2 9798
3457 2 4677
3457 2 4538
3457 2 8550
3458 2 5523
3458 2 6079
3458 2 8882
3459 2 5311
3459 2 7560
3459 2 5062
3460 2 10466
3460 2 5220
3460 2 8082
3461 2 3960
3461 2 6297
3461 2 5855
3462 2 10262
3462 2 7007
3462 2 8318
3463 2 7422
3463 2 6671
3463 2 5361
3464 2 4584
3464 2 9549
3464 2 8792
3465 2 9125
3465 2 4389
3465 2 4863
3466 2 8569
3466 2 7005
3466 2 5513
3467 2 6569
3467 2 10361
3467 2 6468
3468 2 7002
3468 2 9186
3468 2 9002
3469 2 6611
3469 2 4385
3469 2 8372
3470 2 4675
3470 2 3587
3470 2 4364
3471 2 5619
3471 2 4108
3471 2 3864
3472 2 8406
3472 2 9090
3472 2 4627
3473 2 8021
3473 2 3772
3473 2 4440
3474 2 7286
3474 2 7903
3474 2 6420
3475 2 7167
3475 2 4098
3475 2 9493
3476 2 4184
3476 2 7234
3476 2 8707
3477 2 5018
3477 2 6437
3477 2 9293
3478 2 5382
3478 2 8197
3478 2 10366
3478 2 8402
3478 2 6373
3479 2 5972
3479 2 8741
3479 2 6157
3480 2 5586
3480 2 7049
3480 2 4844
3481 2 8650
3481 2 4861
3481 2 9607
3482 2 10069
3482 2 9209
3482 2 8648
3483 2 5746
3483 2 8406
3483 2 10072
3484 2 6038
3484 2 6617
3484 2 8056
3485 2 8814
3485 2 8417
3485 2 6017
3486 2 5018
3486 2 4486
3486 2 4199
3487 2 4492
3487 2 5653
3487 2 5483
3488 2 8357
3488 2 6808
3488 2 5992
3489 2 9877
3489 2 5283
3489 2 6703
3490 2 5061
3490 2 10117
3490 2 10587
3491 2 8287
3491 2 5247
3491 2 6442
3492 2 5120
3492 2 10479
3492 2 10536
3493 2 3799
3493 2 4717
3493 2 3992
3494 2 5236
3494 2 4717
3494 2 3992
3495 2 5236
3495 2 10028
3495 2 7357
3496 2 8848
3496 2 4373
3496 2 8641
3497 2 9244
3497 2 5231
3497 2 5620
3498 2 3893
3498 2 5620
3498 2 7969
3499 2 10371
3499 2 4285
3499 2 4984
3500 2 10200
3500 2 5392
3500 2 3893
3501 2 6914
3501 2 9127
3501 2 5473
3502 2 6749
3502 2 10436
3502 2 4026
3503 2 9802
3503 2 5297
3503 2 9031
3504 2 7692
3504 2 4381
3504 2 7713
3505 2 10415
3505 2 10294
3505 2 4789
3506 2 9117
3506 2 9122
3506 2 7139
3506 2 3944
3506 2 8489
3507 2 5204
3507 2 5642
3507 2 7668
3508 2 4734
3508 2 5891
3508 2 10502
3509 2 6359
3509 2 6231
3509 2 7323
3510 2 6856
3510 2 6587
3510 2 4034
3511 2 6856
3511 2 6587
3511 2 4034
3512 2 5838
3512 2 5422
3512 2 8719
3513 2 10184
3513 2 5754
3513 2 4833
3514 2 8280
3514 2 9335
3514 2 8260
3515 2 4820
3515 2 6618
3515 2 7412
3515 2 8708
3515 2 7166
3516 2 8193
3516 2 7288
3516 2 4329
3516 2 4986
3516 2 4266
3517 2 3828
3517 2 10459
3517 2 8658
3518 2 5700
3518 2 8125
3518 2 9769
3519 2 4856
3519 2 6338
3519 2 9592
3520 2 10321
3520 2 4641
3520 2 7666
3521 2 7480
3521 2 7089
3521 2 4224
3522 2 9942
3522 2 8365
3522 2 8985
3523 2 8162
3523 2 6194
3523 2 4328
3524 2 9246
3524 2 4094
3524 2 10025
3525 2 5383
3525 2 6607
3525 2 6481
3526 2 8056
3526 2 4775
3526 2 4754
3527 2 8243
3527 2 7309
3527 2 7255
3528 2 6741
3528 2 6578
3528 2 5724
